detector_name,category,sample_index,image_path,defect_type,label,image_score,image_h,image_w,mask_positive_pixels
ae,bottle,48,data/mvtec_ad/bottle/test/contamination/006.png,contamination,1,0.0266704689711332,900,900,123943
ae,bottle,54,data/mvtec_ad/bottle/test/contamination/012.png,contamination,1,0.0243840534240007,900,900,122608
ae,bottle,58,data/mvtec_ad/bottle/test/contamination/016.png,contamination,1,0.0238037519156932,900,900,122515
ae,bottle,47,data/mvtec_ad/bottle/test/contamination/005.png,contamination,1,0.0234565269201993,900,900,99554
ae,bottle,49,data/mvtec_ad/bottle/test/contamination/007.png,contamination,1,0.0230320207774639,900,900,45048
ae,bottle,62,data/mvtec_ad/bottle/test/contamination/020.png,contamination,1,0.021828131750226,900,900,121385
ae,bottle,59,data/mvtec_ad/bottle/test/contamination/017.png,contamination,1,0.0217515788972377,900,900,67541
ae,bottle,38,data/mvtec_ad/bottle/test/broken_small/018.png,broken_small,1,0.0215590894222259,900,900,46314
ae,bottle,60,data/mvtec_ad/bottle/test/contamination/018.png,contamination,1,0.0214766412973403,900,900,4663
ae,bottle,37,data/mvtec_ad/bottle/test/broken_small/017.png,broken_small,1,0.0214730929583311,900,900,20384
ae,bottle,32,data/mvtec_ad/bottle/test/broken_small/012.png,broken_small,1,0.0214416161179542,900,900,63191
ae,bottle,4,data/mvtec_ad/bottle/test/broken_large/004.png,broken_large,1,0.0212843678891658,900,900,33132
ae,bottle,53,data/mvtec_ad/bottle/test/contamination/011.png,contamination,1,0.0211232062429189,900,900,120781
ae,bottle,23,data/mvtec_ad/bottle/test/broken_small/003.png,broken_small,1,0.0204352848231792,900,900,65292
ae,bottle,24,data/mvtec_ad/bottle/test/broken_small/004.png,broken_small,1,0.0204159989953041,900,900,25926
ae,bottle,14,data/mvtec_ad/bottle/test/broken_large/014.png,broken_large,1,0.020360492169857,900,900,38206
ae,bottle,16,data/mvtec_ad/bottle/test/broken_large/016.png,broken_large,1,0.0203352086246013,900,900,118913
ae,bottle,17,data/mvtec_ad/bottle/test/broken_large/017.png,broken_large,1,0.0202524978667497,900,900,114063
ae,bottle,3,data/mvtec_ad/bottle/test/broken_large/003.png,broken_large,1,0.02014553360641,900,900,222091
ae,bottle,40,data/mvtec_ad/bottle/test/broken_small/020.png,broken_small,1,0.0201129950582981,900,900,28333
ae,bottle,77,data/mvtec_ad/bottle/test/good/014.png,good,0,0.0194824356585741,900,900,0
ae,bottle,18,data/mvtec_ad/bottle/test/broken_large/018.png,broken_large,1,0.0194197539240121,900,900,106080
ae,bottle,13,data/mvtec_ad/bottle/test/broken_large/013.png,broken_large,1,0.0194060616195201,900,900,109290
ae,bottle,55,data/mvtec_ad/bottle/test/contamination/013.png,contamination,1,0.0193956531584262,900,900,41319
ae,bottle,82,data/mvtec_ad/bottle/test/good/019.png,good,0,0.0192867033183574,900,900,0
ae,bottle,22,data/mvtec_ad/bottle/test/broken_small/002.png,broken_small,1,0.0191836468875408,900,900,29456
ae,bottle,26,data/mvtec_ad/bottle/test/broken_small/006.png,broken_small,1,0.0190494023263454,900,900,21797
ae,bottle,8,data/mvtec_ad/bottle/test/broken_large/008.png,broken_large,1,0.0189797319471836,900,900,105614
ae,bottle,52,data/mvtec_ad/bottle/test/contamination/010.png,contamination,1,0.0189795009791851,900,900,93231
ae,bottle,65,data/mvtec_ad/bottle/test/good/002.png,good,0,0.0189629979431629,900,900,0
ae,bottle,0,data/mvtec_ad/bottle/test/broken_large/000.png,broken_large,1,0.0188056603074073,900,900,88192
ae,bottle,44,data/mvtec_ad/bottle/test/contamination/002.png,contamination,1,0.018746729940176,900,900,14913
ae,bottle,15,data/mvtec_ad/bottle/test/broken_large/015.png,broken_large,1,0.0186496004462242,900,900,75659
ae,bottle,75,data/mvtec_ad/bottle/test/good/012.png,good,0,0.0185987818986177,900,900,0
ae,bottle,21,data/mvtec_ad/bottle/test/broken_small/001.png,broken_small,1,0.0185764618217945,900,900,11966
ae,bottle,30,data/mvtec_ad/bottle/test/broken_small/010.png,broken_small,1,0.0185702964663505,900,900,37177
ae,bottle,76,data/mvtec_ad/bottle/test/good/013.png,good,0,0.0185493770986795,900,900,0
ae,bottle,6,data/mvtec_ad/bottle/test/broken_large/006.png,broken_large,1,0.0185344461351633,900,900,123810
ae,bottle,12,data/mvtec_ad/bottle/test/broken_large/012.png,broken_large,1,0.0185109637677669,900,900,70457
ae,bottle,41,data/mvtec_ad/bottle/test/broken_small/021.png,broken_small,1,0.0184577703475952,900,900,14995
ae,bottle,80,data/mvtec_ad/bottle/test/good/017.png,good,0,0.01845034211874,900,900,0
ae,bottle,46,data/mvtec_ad/bottle/test/contamination/004.png,contamination,1,0.0183720551431179,900,900,16790
ae,bottle,70,data/mvtec_ad/bottle/test/good/007.png,good,0,0.0183346904814243,900,900,0
ae,bottle,71,data/mvtec_ad/bottle/test/good/008.png,good,0,0.0183087829500436,900,900,0
ae,bottle,19,data/mvtec_ad/bottle/test/broken_large/019.png,broken_large,1,0.0182720981538295,900,900,102217
ae,bottle,79,data/mvtec_ad/bottle/test/good/016.png,good,0,0.018253780901432,900,900,0
ae,bottle,28,data/mvtec_ad/bottle/test/broken_small/008.png,broken_small,1,0.0180998407304286,900,900,17311
ae,bottle,35,data/mvtec_ad/bottle/test/broken_small/015.png,broken_small,1,0.0180718023329973,900,900,13480
ae,bottle,45,data/mvtec_ad/bottle/test/contamination/003.png,contamination,1,0.0179355032742023,900,900,21317
ae,bottle,5,data/mvtec_ad/bottle/test/broken_large/005.png,broken_large,1,0.0177448242902755,900,900,33201
ae,bottle,69,data/mvtec_ad/bottle/test/good/006.png,good,0,0.0177421458065509,900,900,0
ae,bottle,2,data/mvtec_ad/bottle/test/broken_large/002.png,broken_large,1,0.0177304837852716,900,900,125835
ae,bottle,74,data/mvtec_ad/bottle/test/good/011.png,good,0,0.0177280567586421,900,900,0
ae,bottle,56,data/mvtec_ad/bottle/test/contamination/014.png,contamination,1,0.0176008902490139,900,900,5429
ae,bottle,68,data/mvtec_ad/bottle/test/good/005.png,good,0,0.0175804588943719,900,900,0
ae,bottle,7,data/mvtec_ad/bottle/test/broken_large/007.png,broken_large,1,0.0175585784018039,900,900,130952
ae,bottle,73,data/mvtec_ad/bottle/test/good/010.png,good,0,0.0175145920366048,900,900,0
ae,bottle,31,data/mvtec_ad/bottle/test/broken_small/011.png,broken_small,1,0.0174857899546623,900,900,15597
ae,bottle,34,data/mvtec_ad/bottle/test/broken_small/014.png,broken_small,1,0.0173860993236303,900,900,14546
ae,bottle,11,data/mvtec_ad/bottle/test/broken_large/011.png,broken_large,1,0.0172986276447772,900,900,60540
ae,bottle,33,data/mvtec_ad/bottle/test/broken_small/013.png,broken_small,1,0.0172599758952856,900,900,26219
ae,bottle,27,data/mvtec_ad/bottle/test/broken_small/007.png,broken_small,1,0.0172533653676509,900,900,17046
ae,bottle,10,data/mvtec_ad/bottle/test/broken_large/010.png,broken_large,1,0.017180785536766,900,900,90028
ae,bottle,25,data/mvtec_ad/bottle/test/broken_small/005.png,broken_small,1,0.0171151645481586,900,900,12266
ae,bottle,1,data/mvtec_ad/bottle/test/broken_large/001.png,broken_large,1,0.0170814767479896,900,900,76641
ae,bottle,63,data/mvtec_ad/bottle/test/good/000.png,good,0,0.0170697253197431,900,900,0
ae,bottle,57,data/mvtec_ad/bottle/test/contamination/015.png,contamination,1,0.0170166809111833,900,900,33779
ae,bottle,61,data/mvtec_ad/bottle/test/contamination/019.png,contamination,1,0.0170041136443614,900,900,27013
ae,bottle,43,data/mvtec_ad/bottle/test/contamination/001.png,contamination,1,0.017003271728754,900,900,58120
ae,bottle,29,data/mvtec_ad/bottle/test/broken_small/009.png,broken_small,1,0.0169742479920387,900,900,19096
ae,bottle,50,data/mvtec_ad/bottle/test/contamination/008.png,contamination,1,0.0169605463743209,900,900,133876
ae,bottle,9,data/mvtec_ad/bottle/test/broken_large/009.png,broken_large,1,0.0168888885527849,900,900,70875
ae,bottle,72,data/mvtec_ad/bottle/test/good/009.png,good,0,0.0168754812330007,900,900,0
ae,bottle,20,data/mvtec_ad/bottle/test/broken_small/000.png,broken_small,1,0.0167447254061698,900,900,7166
ae,bottle,42,data/mvtec_ad/bottle/test/contamination/000.png,contamination,1,0.0166891422122716,900,900,58708
ae,bottle,66,data/mvtec_ad/bottle/test/good/003.png,good,0,0.0165237635374069,900,900,0
ae,bottle,51,data/mvtec_ad/bottle/test/contamination/009.png,contamination,1,0.0163680836558341,900,900,111640
ae,bottle,36,data/mvtec_ad/bottle/test/broken_small/016.png,broken_small,1,0.0161427333950996,900,900,16578
ae,bottle,39,data/mvtec_ad/bottle/test/broken_small/019.png,broken_small,1,0.0160494893789291,900,900,22626
ae,bottle,64,data/mvtec_ad/bottle/test/good/001.png,good,0,0.015917619690299,900,900,0
ae,bottle,78,data/mvtec_ad/bottle/test/good/015.png,good,0,0.015700215473771,900,900,0
ae,bottle,67,data/mvtec_ad/bottle/test/good/004.png,good,0,0.015602339990437,900,900,0
ae,bottle,81,data/mvtec_ad/bottle/test/good/018.png,good,0,0.0152495009824633,900,900,0
ae,cable,11,data/mvtec_ad/cable/test/bent_wire/011.png,bent_wire,1,0.0401217192411422,1024,1024,119231
ae,cable,55,data/mvtec_ad/cable/test/cut_outer_insulation/005.png,cut_outer_insulation,1,0.0379089340567588,1024,1024,4647
ae,cable,36,data/mvtec_ad/cable/test/cut_inner_insulation/000.png,cut_inner_insulation,1,0.037601288408041,1024,1024,33306
ae,cable,53,data/mvtec_ad/cable/test/cut_outer_insulation/003.png,cut_outer_insulation,1,0.03759141638875,1024,1024,7697
ae,cable,59,data/mvtec_ad/cable/test/cut_outer_insulation/009.png,cut_outer_insulation,1,0.0365387052297592,1024,1024,10318
ae,cable,13,data/mvtec_ad/cable/test/cable_swap/000.png,cable_swap,1,0.0361151359975338,1024,1024,67133
ae,cable,18,data/mvtec_ad/cable/test/cable_swap/005.png,cable_swap,1,0.0359997637569904,1024,1024,65474
ae,cable,128,data/mvtec_ad/cable/test/missing_cable/010.png,missing_cable,1,0.035486489534378,1024,1024,84372
ae,cable,101,data/mvtec_ad/cable/test/good/041.png,good,0,0.0351163111627101,1024,1024,0
ae,cable,39,data/mvtec_ad/cable/test/cut_inner_insulation/003.png,cut_inner_insulation,1,0.0350440554320812,1024,1024,62868
ae,cable,47,data/mvtec_ad/cable/test/cut_inner_insulation/011.png,cut_inner_insulation,1,0.0350409746170043,1024,1024,56332
ae,cable,94,data/mvtec_ad/cable/test/good/034.png,good,0,0.0349855348467826,1024,1024,0
ae,cable,5,data/mvtec_ad/cable/test/bent_wire/005.png,bent_wire,1,0.0348854772746562,1024,1024,37738
ae,cable,50,data/mvtec_ad/cable/test/cut_outer_insulation/000.png,cut_outer_insulation,1,0.0348803177475929,1024,1024,23454
ae,cable,54,data/mvtec_ad/cable/test/cut_outer_insulation/004.png,cut_outer_insulation,1,0.0344842001795768,1024,1024,24050
ae,cable,111,data/mvtec_ad/cable/test/good/051.png,good,0,0.0344553962349891,1024,1024,0
ae,cable,49,data/mvtec_ad/cable/test/cut_inner_insulation/013.png,cut_inner_insulation,1,0.0343411937355995,1024,1024,29743
ae,cable,41,data/mvtec_ad/cable/test/cut_inner_insulation/005.png,cut_inner_insulation,1,0.0342404097318649,1024,1024,27373
ae,cable,96,data/mvtec_ad/cable/test/good/036.png,good,0,0.0342060104012489,1024,1024,0
ae,cable,117,data/mvtec_ad/cable/test/good/057.png,good,0,0.0341943502426147,1024,1024,0
ae,cable,51,data/mvtec_ad/cable/test/cut_outer_insulation/001.png,cut_outer_insulation,1,0.0340985208749771,1024,1024,7513
ae,cable,46,data/mvtec_ad/cable/test/cut_inner_insulation/010.png,cut_inner_insulation,1,0.0340902209281921,1024,1024,31665
ae,cable,56,data/mvtec_ad/cable/test/cut_outer_insulation/006.png,cut_outer_insulation,1,0.0338630117475986,1024,1024,11710
ae,cable,93,data/mvtec_ad/cable/test/good/033.png,good,0,0.0338263139128685,1024,1024,0
ae,cable,52,data/mvtec_ad/cable/test/cut_outer_insulation/002.png,cut_outer_insulation,1,0.0336794480681419,1024,1024,14604
ae,cable,57,data/mvtec_ad/cable/test/cut_outer_insulation/007.png,cut_outer_insulation,1,0.0336363092064857,1024,1024,21941
ae,cable,25,data/mvtec_ad/cable/test/combined/000.png,combined,1,0.0335247777402401,1024,1024,42321
ae,cable,38,data/mvtec_ad/cable/test/cut_inner_insulation/002.png,cut_inner_insulation,1,0.0333027653396129,1024,1024,26929
ae,cable,48,data/mvtec_ad/cable/test/cut_inner_insulation/012.png,cut_inner_insulation,1,0.0332690104842186,1024,1024,103750
ae,cable,115,data/mvtec_ad/cable/test/good/055.png,good,0,0.033090204000473,1024,1024,0
ae,cable,37,data/mvtec_ad/cable/test/cut_inner_insulation/001.png,cut_inner_insulation,1,0.0330893248319625,1024,1024,30558
ae,cable,118,data/mvtec_ad/cable/test/missing_cable/000.png,missing_cable,1,0.0330734401941299,1024,1024,74489
ae,cable,16,data/mvtec_ad/cable/test/cable_swap/003.png,cable_swap,1,0.0330624505877494,1024,1024,59063
ae,cable,45,data/mvtec_ad/cable/test/cut_inner_insulation/009.png,cut_inner_insulation,1,0.033054731786251,1024,1024,61146
ae,cable,23,data/mvtec_ad/cable/test/cable_swap/010.png,cable_swap,1,0.0329177305102348,1024,1024,60502
ae,cable,3,data/mvtec_ad/cable/test/bent_wire/003.png,bent_wire,1,0.0328935459256172,1024,1024,12881
ae,cable,9,data/mvtec_ad/cable/test/bent_wire/009.png,bent_wire,1,0.0327869802713394,1024,1024,38202
ae,cable,7,data/mvtec_ad/cable/test/bent_wire/007.png,bent_wire,1,0.0326582565903663,1024,1024,38552
ae,cable,10,data/mvtec_ad/cable/test/bent_wire/010.png,bent_wire,1,0.032645933330059,1024,1024,38102
ae,cable,98,data/mvtec_ad/cable/test/good/038.png,good,0,0.0325992442667484,1024,1024,0
ae,cable,81,data/mvtec_ad/cable/test/good/021.png,good,0,0.0324082970619201,1024,1024,0
ae,cable,132,data/mvtec_ad/cable/test/missing_wire/002.png,missing_wire,1,0.032357819378376,1024,1024,15156
ae,cable,58,data/mvtec_ad/cable/test/cut_outer_insulation/008.png,cut_outer_insulation,1,0.0323115848004817,1024,1024,35537
ae,cable,62,data/mvtec_ad/cable/test/good/002.png,good,0,0.0322534218430519,1024,1024,0
ae,cable,4,data/mvtec_ad/cable/test/bent_wire/004.png,bent_wire,1,0.0321834348142147,1024,1024,32843
ae,cable,17,data/mvtec_ad/cable/test/cable_swap/004.png,cable_swap,1,0.0321818441152572,1024,1024,55036
ae,cable,40,data/mvtec_ad/cable/test/cut_inner_insulation/004.png,cut_inner_insulation,1,0.0320877470076084,1024,1024,44383
ae,cable,109,data/mvtec_ad/cable/test/good/049.png,good,0,0.0320800691843032,1024,1024,0
ae,cable,92,data/mvtec_ad/cable/test/good/032.png,good,0,0.0320262350142002,1024,1024,0
ae,cable,131,data/mvtec_ad/cable/test/missing_wire/001.png,missing_wire,1,0.0319027751684188,1024,1024,16616
ae,cable,44,data/mvtec_ad/cable/test/cut_inner_insulation/008.png,cut_inner_insulation,1,0.0318548753857612,1024,1024,26265
ae,cable,67,data/mvtec_ad/cable/test/good/007.png,good,0,0.0317938178777694,1024,1024,0
ae,cable,91,data/mvtec_ad/cable/test/good/031.png,good,0,0.0317751578986644,1024,1024,0
ae,cable,12,data/mvtec_ad/cable/test/bent_wire/012.png,bent_wire,1,0.0317672155797481,1024,1024,72366
ae,cable,102,data/mvtec_ad/cable/test/good/042.png,good,0,0.0317310728132724,1024,1024,0
ae,cable,33,data/mvtec_ad/cable/test/combined/008.png,combined,1,0.0317048840224742,1024,1024,48510
ae,cable,22,data/mvtec_ad/cable/test/cable_swap/009.png,cable_swap,1,0.0316683016717433,1024,1024,58211
ae,cable,20,data/mvtec_ad/cable/test/cable_swap/007.png,cable_swap,1,0.0315706953406333,1024,1024,63705
ae,cable,43,data/mvtec_ad/cable/test/cut_inner_insulation/007.png,cut_inner_insulation,1,0.0313112959265708,1024,1024,41070
ae,cable,122,data/mvtec_ad/cable/test/missing_cable/004.png,missing_cable,1,0.0311312079429626,1024,1024,77885
ae,cable,108,data/mvtec_ad/cable/test/good/048.png,good,0,0.0310671664774417,1024,1024,0
ae,cable,79,data/mvtec_ad/cable/test/good/019.png,good,0,0.0310428775846958,1024,1024,0
ae,cable,87,data/mvtec_ad/cable/test/good/027.png,good,0,0.03102682903409,1024,1024,0
ae,cable,34,data/mvtec_ad/cable/test/combined/009.png,combined,1,0.0309769604355096,1024,1024,92936
ae,cable,143,data/mvtec_ad/cable/test/poke_insulation/003.png,poke_insulation,1,0.0309636462479829,1024,1024,13376
ae,cable,142,data/mvtec_ad/cable/test/poke_insulation/002.png,poke_insulation,1,0.030947271734476,1024,1024,1506
ae,cable,116,data/mvtec_ad/cable/test/good/056.png,good,0,0.0309252310544252,1024,1024,0
ae,cable,0,data/mvtec_ad/cable/test/bent_wire/000.png,bent_wire,1,0.0308571606874465,1024,1024,23162
ae,cable,65,data/mvtec_ad/cable/test/good/005.png,good,0,0.0308349300175905,1024,1024,0
ae,cable,70,data/mvtec_ad/cable/test/good/010.png,good,0,0.0306962430477142,1024,1024,0
ae,cable,110,data/mvtec_ad/cable/test/good/050.png,good,0,0.0306769125163555,1024,1024,0
ae,cable,129,data/mvtec_ad/cable/test/missing_cable/011.png,missing_cable,1,0.0306766722351312,1024,1024,77245
ae,cable,76,data/mvtec_ad/cable/test/good/016.png,good,0,0.0306330770254135,1024,1024,0
ae,cable,90,data/mvtec_ad/cable/test/good/030.png,good,0,0.0305819660425186,1024,1024,0
ae,cable,24,data/mvtec_ad/cable/test/cable_swap/011.png,cable_swap,1,0.0305694416165351,1024,1024,51956
ae,cable,15,data/mvtec_ad/cable/test/cable_swap/002.png,cable_swap,1,0.030547697097063,1024,1024,57103
ae,cable,21,data/mvtec_ad/cable/test/cable_swap/008.png,cable_swap,1,0.0305460803210735,1024,1024,61687
ae,cable,14,data/mvtec_ad/cable/test/cable_swap/001.png,cable_swap,1,0.0305316001176834,1024,1024,61514
ae,cable,99,data/mvtec_ad/cable/test/good/039.png,good,0,0.0304324086755514,1024,1024,0
ae,cable,69,data/mvtec_ad/cable/test/good/009.png,good,0,0.030259795486927,1024,1024,0
ae,cable,42,data/mvtec_ad/cable/test/cut_inner_insulation/006.png,cut_inner_insulation,1,0.0302403941750526,1024,1024,19775
ae,cable,103,data/mvtec_ad/cable/test/good/043.png,good,0,0.0300556570291519,1024,1024,0
ae,cable,133,data/mvtec_ad/cable/test/missing_wire/003.png,missing_wire,1,0.0300121717154979,1024,1024,40701
ae,cable,29,data/mvtec_ad/cable/test/combined/004.png,combined,1,0.0300109442323446,1024,1024,49977
ae,cable,68,data/mvtec_ad/cable/test/good/008.png,good,0,0.0300100985914468,1024,1024,0
ae,cable,2,data/mvtec_ad/cable/test/bent_wire/002.png,bent_wire,1,0.0299649834632873,1024,1024,37083
ae,cable,136,data/mvtec_ad/cable/test/missing_wire/006.png,missing_wire,1,0.0299607142806053,1024,1024,18399
ae,cable,144,data/mvtec_ad/cable/test/poke_insulation/004.png,poke_insulation,1,0.0299266334623098,1024,1024,31573
ae,cable,82,data/mvtec_ad/cable/test/good/022.png,good,0,0.0299021825194358,1024,1024,0
ae,cable,84,data/mvtec_ad/cable/test/good/024.png,good,0,0.0298874340951442,1024,1024,0
ae,cable,85,data/mvtec_ad/cable/test/good/025.png,good,0,0.0298065487295389,1024,1024,0
ae,cable,140,data/mvtec_ad/cable/test/poke_insulation/000.png,poke_insulation,1,0.0296962466090917,1024,1024,8620
ae,cable,72,data/mvtec_ad/cable/test/good/012.png,good,0,0.0296077094972133,1024,1024,0
ae,cable,74,data/mvtec_ad/cable/test/good/014.png,good,0,0.029541440308094,1024,1024,0
ae,cable,121,data/mvtec_ad/cable/test/missing_cable/003.png,missing_cable,1,0.0295224543660879,1024,1024,74858
ae,cable,107,data/mvtec_ad/cable/test/good/047.png,good,0,0.0295060165226459,1024,1024,0
ae,cable,66,data/mvtec_ad/cable/test/good/006.png,good,0,0.0293975807726383,1024,1024,0
ae,cable,75,data/mvtec_ad/cable/test/good/015.png,good,0,0.0293589178472757,1024,1024,0
ae,cable,88,data/mvtec_ad/cable/test/good/028.png,good,0,0.0291326753795146,1024,1024,0
ae,cable,60,data/mvtec_ad/cable/test/good/000.png,good,0,0.0291256122291088,1024,1024,0
ae,cable,147,data/mvtec_ad/cable/test/poke_insulation/007.png,poke_insulation,1,0.0291218124330043,1024,1024,51028
ae,cable,148,data/mvtec_ad/cable/test/poke_insulation/008.png,poke_insulation,1,0.029104933142662,1024,1024,41654
ae,cable,71,data/mvtec_ad/cable/test/good/011.png,good,0,0.0289531834423542,1024,1024,0
ae,cable,89,data/mvtec_ad/cable/test/good/029.png,good,0,0.0289325546473264,1024,1024,0
ae,cable,6,data/mvtec_ad/cable/test/bent_wire/006.png,bent_wire,1,0.0288819093257188,1024,1024,40784
ae,cable,113,data/mvtec_ad/cable/test/good/053.png,good,0,0.028878228738904,1024,1024,0
ae,cable,27,data/mvtec_ad/cable/test/combined/002.png,combined,1,0.0287172440439462,1024,1024,23893
ae,cable,123,data/mvtec_ad/cable/test/missing_cable/005.png,missing_cable,1,0.0286842696368694,1024,1024,70780
ae,cable,73,data/mvtec_ad/cable/test/good/013.png,good,0,0.0286515709012746,1024,1024,0
ae,cable,105,data/mvtec_ad/cable/test/good/045.png,good,0,0.0284932889044284,1024,1024,0
ae,cable,64,data/mvtec_ad/cable/test/good/004.png,good,0,0.0284550860524177,1024,1024,0
ae,cable,77,data/mvtec_ad/cable/test/good/017.png,good,0,0.0284331291913986,1024,1024,0
ae,cable,130,data/mvtec_ad/cable/test/missing_wire/000.png,missing_wire,1,0.0284140072762966,1024,1024,24951
ae,cable,1,data/mvtec_ad/cable/test/bent_wire/001.png,bent_wire,1,0.0283377319574356,1024,1024,15206
ae,cable,138,data/mvtec_ad/cable/test/missing_wire/008.png,missing_wire,1,0.0282944422215223,1024,1024,18820
ae,cable,78,data/mvtec_ad/cable/test/good/018.png,good,0,0.0282897725701332,1024,1024,0
ae,cable,95,data/mvtec_ad/cable/test/good/035.png,good,0,0.0282896775752306,1024,1024,0
ae,cable,112,data/mvtec_ad/cable/test/good/052.png,good,0,0.0281129796057939,1024,1024,0
ae,cable,114,data/mvtec_ad/cable/test/good/054.png,good,0,0.0281076412647962,1024,1024,0
ae,cable,135,data/mvtec_ad/cable/test/missing_wire/005.png,missing_wire,1,0.0280449241399765,1024,1024,18712
ae,cable,100,data/mvtec_ad/cable/test/good/040.png,good,0,0.02803361043334,1024,1024,0
ae,cable,106,data/mvtec_ad/cable/test/good/046.png,good,0,0.0280270054936409,1024,1024,0
ae,cable,104,data/mvtec_ad/cable/test/good/044.png,good,0,0.0279924012720584,1024,1024,0
ae,cable,8,data/mvtec_ad/cable/test/bent_wire/008.png,bent_wire,1,0.02797856554389,1024,1024,19659
ae,cable,145,data/mvtec_ad/cable/test/poke_insulation/005.png,poke_insulation,1,0.0279481224715709,1024,1024,6611
ae,cable,26,data/mvtec_ad/cable/test/combined/001.png,combined,1,0.0279479678720235,1024,1024,41285
ae,cable,125,data/mvtec_ad/cable/test/missing_cable/007.png,missing_cable,1,0.0278437323868274,1024,1024,158927
ae,cable,80,data/mvtec_ad/cable/test/good/020.png,good,0,0.0278269872069358,1024,1024,0
ae,cable,97,data/mvtec_ad/cable/test/good/037.png,good,0,0.0277764424681663,1024,1024,0
ae,cable,35,data/mvtec_ad/cable/test/combined/010.png,combined,1,0.0276823192834854,1024,1024,78276
ae,cable,149,data/mvtec_ad/cable/test/poke_insulation/009.png,poke_insulation,1,0.0275332108139991,1024,1024,37053
ae,cable,83,data/mvtec_ad/cable/test/good/023.png,good,0,0.0275189913809299,1024,1024,0
ae,cable,63,data/mvtec_ad/cable/test/good/003.png,good,0,0.0274551436305046,1024,1024,0
ae,cable,139,data/mvtec_ad/cable/test/missing_wire/009.png,missing_wire,1,0.02738475240767,1024,1024,20485
ae,cable,146,data/mvtec_ad/cable/test/poke_insulation/006.png,poke_insulation,1,0.0272879227995872,1024,1024,27740
ae,cable,134,data/mvtec_ad/cable/test/missing_wire/004.png,missing_wire,1,0.027193684130907,1024,1024,38640
ae,cable,86,data/mvtec_ad/cable/test/good/026.png,good,0,0.0270903147757053,1024,1024,0
ae,cable,141,data/mvtec_ad/cable/test/poke_insulation/001.png,poke_insulation,1,0.0269351508468389,1024,1024,31427
ae,cable,19,data/mvtec_ad/cable/test/cable_swap/006.png,cable_swap,1,0.0269280821084976,1024,1024,67894
ae,cable,61,data/mvtec_ad/cable/test/good/001.png,good,0,0.0268981419503688,1024,1024,0
ae,cable,30,data/mvtec_ad/cable/test/combined/005.png,combined,1,0.0268582701683044,1024,1024,148557
ae,cable,32,data/mvtec_ad/cable/test/combined/007.png,combined,1,0.026837658137083,1024,1024,77899
ae,cable,28,data/mvtec_ad/cable/test/combined/003.png,combined,1,0.0261589661240577,1024,1024,32849
ae,cable,137,data/mvtec_ad/cable/test/missing_wire/007.png,missing_wire,1,0.0255573019385337,1024,1024,18838
ae,cable,119,data/mvtec_ad/cable/test/missing_cable/001.png,missing_cable,1,0.0253998301923275,1024,1024,71763
ae,cable,120,data/mvtec_ad/cable/test/missing_cable/002.png,missing_cable,1,0.0253272354602813,1024,1024,69188
ae,cable,126,data/mvtec_ad/cable/test/missing_cable/008.png,missing_cable,1,0.0244898628443479,1024,1024,144175
ae,cable,124,data/mvtec_ad/cable/test/missing_cable/006.png,missing_cable,1,0.0242939051240682,1024,1024,236776
ae,cable,127,data/mvtec_ad/cable/test/missing_cable/009.png,missing_cable,1,0.0240951888263225,1024,1024,151277
ae,cable,31,data/mvtec_ad/cable/test/combined/006.png,combined,1,0.0239633433520793,1024,1024,94011
ae,capsule,54,data/mvtec_ad/capsule/test/good/009.png,good,0,0.0186111256480216,1000,1000,0
ae,capsule,1,data/mvtec_ad/capsule/test/crack/001.png,crack,1,0.0178656391799449,1000,1000,23268
ae,capsule,121,data/mvtec_ad/capsule/test/squeeze/009.png,squeeze,1,0.0164539627730846,1000,1000,48392
ae,capsule,113,data/mvtec_ad/capsule/test/squeeze/001.png,squeeze,1,0.0164497587829828,1000,1000,50215
ae,capsule,64,data/mvtec_ad/capsule/test/good/019.png,good,0,0.0161465015262365,1000,1000,0
ae,capsule,49,data/mvtec_ad/capsule/test/good/004.png,good,0,0.0159594416618347,1000,1000,0
ae,capsule,119,data/mvtec_ad/capsule/test/squeeze/007.png,squeeze,1,0.0158900711685419,1000,1000,66178
ae,capsule,126,data/mvtec_ad/capsule/test/squeeze/014.png,squeeze,1,0.0157287381589412,1000,1000,80787
ae,capsule,127,data/mvtec_ad/capsule/test/squeeze/015.png,squeeze,1,0.0156262908130884,1000,1000,23973
ae,capsule,123,data/mvtec_ad/capsule/test/squeeze/011.png,squeeze,1,0.0150487534701824,1000,1000,61876
ae,capsule,52,data/mvtec_ad/capsule/test/good/007.png,good,0,0.0146094094961881,1000,1000,0
ae,capsule,114,data/mvtec_ad/capsule/test/squeeze/002.png,squeeze,1,0.0144858630374073,1000,1000,1881
ae,capsule,112,data/mvtec_ad/capsule/test/squeeze/000.png,squeeze,1,0.0144442301243543,1000,1000,76945
ae,capsule,53,data/mvtec_ad/capsule/test/good/008.png,good,0,0.0143026858568191,1000,1000,0
ae,capsule,125,data/mvtec_ad/capsule/test/squeeze/013.png,squeeze,1,0.0142557024955749,1000,1000,21950
ae,capsule,130,data/mvtec_ad/capsule/test/squeeze/018.png,squeeze,1,0.0142272412776947,1000,1000,11339
ae,capsule,124,data/mvtec_ad/capsule/test/squeeze/012.png,squeeze,1,0.0139648513868451,1000,1000,64136
ae,capsule,129,data/mvtec_ad/capsule/test/squeeze/017.png,squeeze,1,0.0138165829703211,1000,1000,5786
ae,capsule,122,data/mvtec_ad/capsule/test/squeeze/010.png,squeeze,1,0.0137888509780168,1000,1000,11767
ae,capsule,116,data/mvtec_ad/capsule/test/squeeze/004.png,squeeze,1,0.0135340727865695,1000,1000,5830
ae,capsule,118,data/mvtec_ad/capsule/test/squeeze/006.png,squeeze,1,0.0135055594146251,1000,1000,70635
ae,capsule,51,data/mvtec_ad/capsule/test/good/006.png,good,0,0.0134826591238379,1000,1000,0
ae,capsule,120,data/mvtec_ad/capsule/test/squeeze/008.png,squeeze,1,0.0134341949597001,1000,1000,31191
ae,capsule,92,data/mvtec_ad/capsule/test/scratch/003.png,scratch,1,0.0134000871330499,1000,1000,8001
ae,capsule,117,data/mvtec_ad/capsule/test/squeeze/005.png,squeeze,1,0.0133902169764041,1000,1000,5820
ae,capsule,10,data/mvtec_ad/capsule/test/crack/010.png,crack,1,0.0133865633979439,1000,1000,17974
ae,capsule,47,data/mvtec_ad/capsule/test/good/002.png,good,0,0.0133166247978806,1000,1000,0
ae,capsule,128,data/mvtec_ad/capsule/test/squeeze/016.png,squeeze,1,0.0132873440161347,1000,1000,80278
ae,capsule,6,data/mvtec_ad/capsule/test/crack/006.png,crack,1,0.0132728228345513,1000,1000,5236
ae,capsule,4,data/mvtec_ad/capsule/test/crack/004.png,crack,1,0.0131692700088024,1000,1000,3043
ae,capsule,11,data/mvtec_ad/capsule/test/crack/011.png,crack,1,0.0131686218082904,1000,1000,5428
ae,capsule,57,data/mvtec_ad/capsule/test/good/012.png,good,0,0.0130358962342143,1000,1000,0
ae,capsule,2,data/mvtec_ad/capsule/test/crack/002.png,crack,1,0.012997418642044,1000,1000,2118
ae,capsule,73,data/mvtec_ad/capsule/test/poke/005.png,poke,1,0.0129743367433547,1000,1000,997
ae,capsule,68,data/mvtec_ad/capsule/test/poke/000.png,poke,1,0.0129671301692724,1000,1000,12289
ae,capsule,98,data/mvtec_ad/capsule/test/scratch/009.png,scratch,1,0.0129486033692955,1000,1000,9587
ae,capsule,66,data/mvtec_ad/capsule/test/good/021.png,good,0,0.0129109360277652,1000,1000,0
ae,capsule,9,data/mvtec_ad/capsule/test/crack/009.png,crack,1,0.0129054272547364,1000,1000,5359
ae,capsule,65,data/mvtec_ad/capsule/test/good/020.png,good,0,0.0128910206258296,1000,1000,0
ae,capsule,29,data/mvtec_ad/capsule/test/faulty_imprint/006.png,faulty_imprint,1,0.0128074409440159,1000,1000,2705
ae,capsule,76,data/mvtec_ad/capsule/test/poke/008.png,poke,1,0.0127906948328018,1000,1000,5162
ae,capsule,12,data/mvtec_ad/capsule/test/crack/012.png,crack,1,0.01277288608253,1000,1000,3416
ae,capsule,93,data/mvtec_ad/capsule/test/scratch/004.png,scratch,1,0.0126937860623002,1000,1000,10398
ae,capsule,95,data/mvtec_ad/capsule/test/scratch/006.png,scratch,1,0.0126834893599152,1000,1000,8496
ae,capsule,37,data/mvtec_ad/capsule/test/faulty_imprint/014.png,faulty_imprint,1,0.0126694673672318,1000,1000,5727
ae,capsule,55,data/mvtec_ad/capsule/test/good/010.png,good,0,0.0126471575349569,1000,1000,0
ae,capsule,38,data/mvtec_ad/capsule/test/faulty_imprint/015.png,faulty_imprint,1,0.0125819956883788,1000,1000,2001
ae,capsule,17,data/mvtec_ad/capsule/test/crack/017.png,crack,1,0.0125657469034194,1000,1000,4812
ae,capsule,115,data/mvtec_ad/capsule/test/squeeze/003.png,squeeze,1,0.0125135602429509,1000,1000,3413
ae,capsule,18,data/mvtec_ad/capsule/test/crack/018.png,crack,1,0.0125132370740175,1000,1000,2820
ae,capsule,19,data/mvtec_ad/capsule/test/crack/019.png,crack,1,0.0124318674206733,1000,1000,2759
ae,capsule,80,data/mvtec_ad/capsule/test/poke/012.png,poke,1,0.0124041652306914,1000,1000,2906
ae,capsule,33,data/mvtec_ad/capsule/test/faulty_imprint/010.png,faulty_imprint,1,0.0123600549995899,1000,1000,2810
ae,capsule,96,data/mvtec_ad/capsule/test/scratch/007.png,scratch,1,0.0123384017497301,1000,1000,5954
ae,capsule,14,data/mvtec_ad/capsule/test/crack/014.png,crack,1,0.0123370578512549,1000,1000,991
ae,capsule,41,data/mvtec_ad/capsule/test/faulty_imprint/018.png,faulty_imprint,1,0.0123201441019773,1000,1000,2149
ae,capsule,89,data/mvtec_ad/capsule/test/scratch/000.png,scratch,1,0.0123164262622594,1000,1000,3260
ae,capsule,15,data/mvtec_ad/capsule/test/crack/015.png,crack,1,0.0123082548379898,1000,1000,11638
ae,capsule,60,data/mvtec_ad/capsule/test/good/015.png,good,0,0.0122767779976129,1000,1000,0
ae,capsule,102,data/mvtec_ad/capsule/test/scratch/013.png,scratch,1,0.0122714824974536,1000,1000,3090
ae,capsule,43,data/mvtec_ad/capsule/test/faulty_imprint/020.png,faulty_imprint,1,0.0122586349025368,1000,1000,3458
ae,capsule,91,data/mvtec_ad/capsule/test/scratch/002.png,scratch,1,0.0122584290802478,1000,1000,5762
ae,capsule,3,data/mvtec_ad/capsule/test/crack/003.png,crack,1,0.0122173577547073,1000,1000,3459
ae,capsule,30,data/mvtec_ad/capsule/test/faulty_imprint/007.png,faulty_imprint,1,0.0121984723955392,1000,1000,2771
ae,capsule,90,data/mvtec_ad/capsule/test/scratch/001.png,scratch,1,0.0121782906353473,1000,1000,6448
ae,capsule,26,data/mvtec_ad/capsule/test/faulty_imprint/003.png,faulty_imprint,1,0.0121767716482281,1000,1000,1992
ae,capsule,131,data/mvtec_ad/capsule/test/squeeze/019.png,squeeze,1,0.012173993512988,1000,1000,9902
ae,capsule,31,data/mvtec_ad/capsule/test/faulty_imprint/008.png,faulty_imprint,1,0.0121698044240474,1000,1000,3014
ae,capsule,74,data/mvtec_ad/capsule/test/poke/006.png,poke,1,0.0121695455163717,1000,1000,1607
ae,capsule,87,data/mvtec_ad/capsule/test/poke/019.png,poke,1,0.0121288672089576,1000,1000,2135
ae,capsule,67,data/mvtec_ad/capsule/test/good/022.png,good,0,0.0121222734451293,1000,1000,0
ae,capsule,104,data/mvtec_ad/capsule/test/scratch/015.png,scratch,1,0.0121043641120195,1000,1000,12196
ae,capsule,7,data/mvtec_ad/capsule/test/crack/007.png,crack,1,0.0120904883369803,1000,1000,4835
ae,capsule,110,data/mvtec_ad/capsule/test/scratch/021.png,scratch,1,0.0120795425027608,1000,1000,4301
ae,capsule,72,data/mvtec_ad/capsule/test/poke/004.png,poke,1,0.0120729599148035,1000,1000,5226
ae,capsule,75,data/mvtec_ad/capsule/test/poke/007.png,poke,1,0.0120196752250194,1000,1000,695
ae,capsule,101,data/mvtec_ad/capsule/test/scratch/012.png,scratch,1,0.0120111498981714,1000,1000,4424
ae,capsule,59,data/mvtec_ad/capsule/test/good/014.png,good,0,0.0120036471635103,1000,1000,0
ae,capsule,16,data/mvtec_ad/capsule/test/crack/016.png,crack,1,0.0119974315166473,1000,1000,1993
ae,capsule,78,data/mvtec_ad/capsule/test/poke/010.png,poke,1,0.0119945695623755,1000,1000,1960
ae,capsule,107,data/mvtec_ad/capsule/test/scratch/018.png,scratch,1,0.0119891948997974,1000,1000,5811
ae,capsule,88,data/mvtec_ad/capsule/test/poke/020.png,poke,1,0.0119617823511362,1000,1000,2743
ae,capsule,21,data/mvtec_ad/capsule/test/crack/021.png,crack,1,0.0119457617402076,1000,1000,371
ae,capsule,71,data/mvtec_ad/capsule/test/poke/003.png,poke,1,0.011894529685378,1000,1000,1901
ae,capsule,62,data/mvtec_ad/capsule/test/good/017.png,good,0,0.011855037882924,1000,1000,0
ae,capsule,13,data/mvtec_ad/capsule/test/crack/013.png,crack,1,0.0118525391444563,1000,1000,903
ae,capsule,97,data/mvtec_ad/capsule/test/scratch/008.png,scratch,1,0.0118410978466272,1000,1000,6350
ae,capsule,103,data/mvtec_ad/capsule/test/scratch/014.png,scratch,1,0.0118357110768556,1000,1000,15261
ae,capsule,70,data/mvtec_ad/capsule/test/poke/002.png,poke,1,0.0117917358875274,1000,1000,1577
ae,capsule,83,data/mvtec_ad/capsule/test/poke/015.png,poke,1,0.0117809940129518,1000,1000,4295
ae,capsule,61,data/mvtec_ad/capsule/test/good/016.png,good,0,0.0117563027888536,1000,1000,0
ae,capsule,94,data/mvtec_ad/capsule/test/scratch/005.png,scratch,1,0.011756282299757,1000,1000,2965
ae,capsule,82,data/mvtec_ad/capsule/test/poke/014.png,poke,1,0.0117518864572048,1000,1000,3589
ae,capsule,24,data/mvtec_ad/capsule/test/faulty_imprint/001.png,faulty_imprint,1,0.0117445737123489,1000,1000,2289
ae,capsule,100,data/mvtec_ad/capsule/test/scratch/011.png,scratch,1,0.0117435939610004,1000,1000,6366
ae,capsule,20,data/mvtec_ad/capsule/test/crack/020.png,crack,1,0.0117360427975654,1000,1000,684
ae,capsule,8,data/mvtec_ad/capsule/test/crack/008.png,crack,1,0.0117295943200588,1000,1000,2750
ae,capsule,45,data/mvtec_ad/capsule/test/good/000.png,good,0,0.0117108263075351,1000,1000,0
ae,capsule,25,data/mvtec_ad/capsule/test/faulty_imprint/002.png,faulty_imprint,1,0.0117054274305701,1000,1000,2789
ae,capsule,111,data/mvtec_ad/capsule/test/scratch/022.png,scratch,1,0.0116790058091282,1000,1000,14396
ae,capsule,69,data/mvtec_ad/capsule/test/poke/001.png,poke,1,0.0116722537204623,1000,1000,1926
ae,capsule,40,data/mvtec_ad/capsule/test/faulty_imprint/017.png,faulty_imprint,1,0.0116630727425217,1000,1000,3280
ae,capsule,77,data/mvtec_ad/capsule/test/poke/009.png,poke,1,0.0116524305194616,1000,1000,2253
ae,capsule,50,data/mvtec_ad/capsule/test/good/005.png,good,0,0.0116241816431283,1000,1000,0
ae,capsule,63,data/mvtec_ad/capsule/test/good/018.png,good,0,0.0115719325840473,1000,1000,0
ae,capsule,32,data/mvtec_ad/capsule/test/faulty_imprint/009.png,faulty_imprint,1,0.0115577252581715,1000,1000,2529
ae,capsule,34,data/mvtec_ad/capsule/test/faulty_imprint/011.png,faulty_imprint,1,0.0115570612251758,1000,1000,1417
ae,capsule,23,data/mvtec_ad/capsule/test/faulty_imprint/000.png,faulty_imprint,1,0.01153065264225,1000,1000,2672
ae,capsule,5,data/mvtec_ad/capsule/test/crack/005.png,crack,1,0.0115056596696376,1000,1000,4351
ae,capsule,0,data/mvtec_ad/capsule/test/crack/000.png,crack,1,0.0114824566990137,1000,1000,2494
ae,capsule,22,data/mvtec_ad/capsule/test/crack/022.png,crack,1,0.011463776230812,1000,1000,731
ae,capsule,79,data/mvtec_ad/capsule/test/poke/011.png,poke,1,0.0114546027034521,1000,1000,2714
ae,capsule,35,data/mvtec_ad/capsule/test/faulty_imprint/012.png,faulty_imprint,1,0.0114355869591236,1000,1000,6467
ae,capsule,109,data/mvtec_ad/capsule/test/scratch/020.png,scratch,1,0.0114301927387714,1000,1000,5139
ae,capsule,99,data/mvtec_ad/capsule/test/scratch/010.png,scratch,1,0.0114184599369764,1000,1000,7296
ae,capsule,81,data/mvtec_ad/capsule/test/poke/013.png,poke,1,0.0114023387432098,1000,1000,2479
ae,capsule,84,data/mvtec_ad/capsule/test/poke/016.png,poke,1,0.0113825853914022,1000,1000,1318
ae,capsule,48,data/mvtec_ad/capsule/test/good/003.png,good,0,0.0113747920840978,1000,1000,0
ae,capsule,105,data/mvtec_ad/capsule/test/scratch/016.png,scratch,1,0.011337224394083,1000,1000,5528
ae,capsule,58,data/mvtec_ad/capsule/test/good/013.png,good,0,0.0112807024270296,1000,1000,0
ae,capsule,28,data/mvtec_ad/capsule/test/faulty_imprint/005.png,faulty_imprint,1,0.0112604927271604,1000,1000,39240
ae,capsule,42,data/mvtec_ad/capsule/test/faulty_imprint/019.png,faulty_imprint,1,0.0112421009689569,1000,1000,1627
ae,capsule,46,data/mvtec_ad/capsule/test/good/001.png,good,0,0.0112064946442842,1000,1000,0
ae,capsule,56,data/mvtec_ad/capsule/test/good/011.png,good,0,0.0111620854586362,1000,1000,0
ae,capsule,36,data/mvtec_ad/capsule/test/faulty_imprint/013.png,faulty_imprint,1,0.0111222760751843,1000,1000,3112
ae,capsule,108,data/mvtec_ad/capsule/test/scratch/019.png,scratch,1,0.0111158918589353,1000,1000,9149
ae,capsule,85,data/mvtec_ad/capsule/test/poke/017.png,poke,1,0.0111135076731443,1000,1000,1274
ae,capsule,44,data/mvtec_ad/capsule/test/faulty_imprint/021.png,faulty_imprint,1,0.0110490228980779,1000,1000,3213
ae,capsule,27,data/mvtec_ad/capsule/test/faulty_imprint/004.png,faulty_imprint,1,0.0110374074429273,1000,1000,41291
ae,capsule,86,data/mvtec_ad/capsule/test/poke/018.png,poke,1,0.0110356071963906,1000,1000,2276
ae,capsule,106,data/mvtec_ad/capsule/test/scratch/017.png,scratch,1,0.0110322590917348,1000,1000,4649
ae,capsule,39,data/mvtec_ad/capsule/test/faulty_imprint/016.png,faulty_imprint,1,0.0109913079068064,1000,1000,2247
ae,metal_nut,83,data/mvtec_ad/metal_nut/test/good/013.png,good,0,0.0249544121325016,700,700,0
ae,metal_nut,35,data/mvtec_ad/metal_nut/test/color/010.png,color,1,0.0240175556391477,700,700,16025
ae,metal_nut,34,data/mvtec_ad/metal_nut/test/color/009.png,color,1,0.0239048656076192,700,700,8684
ae,metal_nut,79,data/mvtec_ad/metal_nut/test/good/009.png,good,0,0.0238208211958408,700,700,0
ae,metal_nut,82,data/mvtec_ad/metal_nut/test/good/012.png,good,0,0.0235316921025514,700,700,0
ae,metal_nut,80,data/mvtec_ad/metal_nut/test/good/010.png,good,0,0.0228141732513904,700,700,0
ae,metal_nut,77,data/mvtec_ad/metal_nut/test/good/007.png,good,0,0.0227582473307847,700,700,0
ae,metal_nut,78,data/mvtec_ad/metal_nut/test/good/008.png,good,0,0.0227256584912538,700,700,0
ae,metal_nut,84,data/mvtec_ad/metal_nut/test/good/014.png,good,0,0.0225683525204658,700,700,0
ae,metal_nut,47,data/mvtec_ad/metal_nut/test/flip/000.png,flip,1,0.0225482322275638,700,700,237351
ae,metal_nut,48,data/mvtec_ad/metal_nut/test/flip/001.png,flip,1,0.0225465819239616,700,700,238718
ae,metal_nut,51,data/mvtec_ad/metal_nut/test/flip/004.png,flip,1,0.0225083045661449,700,700,234904
ae,metal_nut,111,data/mvtec_ad/metal_nut/test/scratch/019.png,scratch,1,0.0224616825580596,700,700,27262
ae,metal_nut,76,data/mvtec_ad/metal_nut/test/good/006.png,good,0,0.0224384553730487,700,700,0
ae,metal_nut,61,data/mvtec_ad/metal_nut/test/flip/014.png,flip,1,0.0223771166056394,700,700,234692
ae,metal_nut,5,data/mvtec_ad/metal_nut/test/bent/005.png,bent,1,0.0223346538841724,700,700,10851
ae,metal_nut,81,data/mvtec_ad/metal_nut/test/good/011.png,good,0,0.0222983118146657,700,700,0
ae,metal_nut,70,data/mvtec_ad/metal_nut/test/good/000.png,good,0,0.0222869180142879,700,700,0
ae,metal_nut,54,data/mvtec_ad/metal_nut/test/flip/007.png,flip,1,0.022267747670412,700,700,237959
ae,metal_nut,14,data/mvtec_ad/metal_nut/test/bent/014.png,bent,1,0.0221699737012386,700,700,5223
ae,metal_nut,42,data/mvtec_ad/metal_nut/test/color/017.png,color,1,0.0221585892140865,700,700,16277
ae,metal_nut,56,data/mvtec_ad/metal_nut/test/flip/009.png,flip,1,0.0219458825886249,700,700,236366
ae,metal_nut,99,data/mvtec_ad/metal_nut/test/scratch/007.png,scratch,1,0.0218609310686588,700,700,27302
ae,metal_nut,7,data/mvtec_ad/metal_nut/test/bent/007.png,bent,1,0.0217909216880798,700,700,3458
ae,metal_nut,0,data/mvtec_ad/metal_nut/test/bent/000.png,bent,1,0.0216065775603055,700,700,23025
ae,metal_nut,57,data/mvtec_ad/metal_nut/test/flip/010.png,flip,1,0.0215447582304477,700,700,236323
ae,metal_nut,62,data/mvtec_ad/metal_nut/test/flip/015.png,flip,1,0.0214961040765047,700,700,235892
ae,metal_nut,19,data/mvtec_ad/metal_nut/test/bent/019.png,bent,1,0.0214687660336494,700,700,13930
ae,metal_nut,3,data/mvtec_ad/metal_nut/test/bent/003.png,bent,1,0.0213107410818338,700,700,9132
ae,metal_nut,32,data/mvtec_ad/metal_nut/test/color/007.png,color,1,0.0212949551641941,700,700,6865
ae,metal_nut,75,data/mvtec_ad/metal_nut/test/good/005.png,good,0,0.0212755892425775,700,700,0
ae,metal_nut,50,data/mvtec_ad/metal_nut/test/flip/003.png,flip,1,0.0211424231529235,700,700,238487
ae,metal_nut,85,data/mvtec_ad/metal_nut/test/good/015.png,good,0,0.0211151912808418,700,700,0
ae,metal_nut,31,data/mvtec_ad/metal_nut/test/color/006.png,color,1,0.0211033038794994,700,700,3820
ae,metal_nut,66,data/mvtec_ad/metal_nut/test/flip/019.png,flip,1,0.021050626412034,700,700,236666
ae,metal_nut,8,data/mvtec_ad/metal_nut/test/bent/008.png,bent,1,0.0209859833121299,700,700,9843
ae,metal_nut,97,data/mvtec_ad/metal_nut/test/scratch/005.png,scratch,1,0.0209158863872289,700,700,14411
ae,metal_nut,52,data/mvtec_ad/metal_nut/test/flip/005.png,flip,1,0.0208802744746208,700,700,235361
ae,metal_nut,12,data/mvtec_ad/metal_nut/test/bent/012.png,bent,1,0.0208699833601713,700,700,11750
ae,metal_nut,59,data/mvtec_ad/metal_nut/test/flip/012.png,flip,1,0.0208537206053733,700,700,234723
ae,metal_nut,37,data/mvtec_ad/metal_nut/test/color/012.png,color,1,0.0208295155316591,700,700,32188
ae,metal_nut,40,data/mvtec_ad/metal_nut/test/color/015.png,color,1,0.0207846574485301,700,700,23333
ae,metal_nut,6,data/mvtec_ad/metal_nut/test/bent/006.png,bent,1,0.0207388885319232,700,700,6810
ae,metal_nut,55,data/mvtec_ad/metal_nut/test/flip/008.png,flip,1,0.0207383185625076,700,700,234449
ae,metal_nut,53,data/mvtec_ad/metal_nut/test/flip/006.png,flip,1,0.0207355320453643,700,700,235543
ae,metal_nut,4,data/mvtec_ad/metal_nut/test/bent/004.png,bent,1,0.020726665854454,700,700,7685
ae,metal_nut,23,data/mvtec_ad/metal_nut/test/bent/023.png,bent,1,0.0206806994974613,700,700,10494
ae,metal_nut,73,data/mvtec_ad/metal_nut/test/good/003.png,good,0,0.0206741616129875,700,700,0
ae,metal_nut,93,data/mvtec_ad/metal_nut/test/scratch/001.png,scratch,1,0.0206516422331333,700,700,34888
ae,metal_nut,15,data/mvtec_ad/metal_nut/test/bent/015.png,bent,1,0.0205860193818807,700,700,17589
ae,metal_nut,33,data/mvtec_ad/metal_nut/test/color/008.png,color,1,0.0205735862255096,700,700,22563
ae,metal_nut,13,data/mvtec_ad/metal_nut/test/bent/013.png,bent,1,0.0205645151436328,700,700,12146
ae,metal_nut,18,data/mvtec_ad/metal_nut/test/bent/018.png,bent,1,0.0205513387918472,700,700,11889
ae,metal_nut,112,data/mvtec_ad/metal_nut/test/scratch/020.png,scratch,1,0.0204275995492935,700,700,16654
ae,metal_nut,16,data/mvtec_ad/metal_nut/test/bent/016.png,bent,1,0.0203981958329677,700,700,8326
ae,metal_nut,103,data/mvtec_ad/metal_nut/test/scratch/011.png,scratch,1,0.0203216820955276,700,700,28948
ae,metal_nut,26,data/mvtec_ad/metal_nut/test/color/001.png,color,1,0.0202715061604976,700,700,2771
ae,metal_nut,11,data/mvtec_ad/metal_nut/test/bent/011.png,bent,1,0.0202505234628915,700,700,7137
ae,metal_nut,27,data/mvtec_ad/metal_nut/test/color/002.png,color,1,0.0202183593064546,700,700,5585
ae,metal_nut,113,data/mvtec_ad/metal_nut/test/scratch/021.png,scratch,1,0.0202095545828342,700,700,33969
ae,metal_nut,98,data/mvtec_ad/metal_nut/test/scratch/006.png,scratch,1,0.020170385017991,700,700,14713
ae,metal_nut,24,data/mvtec_ad/metal_nut/test/bent/024.png,bent,1,0.0201702751219272,700,700,9177
ae,metal_nut,92,data/mvtec_ad/metal_nut/test/scratch/000.png,scratch,1,0.0201492235064506,700,700,9302
ae,metal_nut,36,data/mvtec_ad/metal_nut/test/color/011.png,color,1,0.0201427899301052,700,700,22001
ae,metal_nut,45,data/mvtec_ad/metal_nut/test/color/020.png,color,1,0.0201073735952377,700,700,17990
ae,metal_nut,95,data/mvtec_ad/metal_nut/test/scratch/003.png,scratch,1,0.0200942121446132,700,700,21564
ae,metal_nut,94,data/mvtec_ad/metal_nut/test/scratch/002.png,scratch,1,0.0200482420623302,700,700,57360
ae,metal_nut,49,data/mvtec_ad/metal_nut/test/flip/002.png,flip,1,0.0200392492115497,700,700,236355
ae,metal_nut,1,data/mvtec_ad/metal_nut/test/bent/001.png,bent,1,0.0200333259999752,700,700,8413
ae,metal_nut,114,data/mvtec_ad/metal_nut/test/scratch/022.png,scratch,1,0.0199979841709136,700,700,36121
ae,metal_nut,60,data/mvtec_ad/metal_nut/test/flip/013.png,flip,1,0.0199605319648981,700,700,234720
ae,metal_nut,29,data/mvtec_ad/metal_nut/test/color/004.png,color,1,0.0197710283100605,700,700,2212
ae,metal_nut,72,data/mvtec_ad/metal_nut/test/good/002.png,good,0,0.0196586865931749,700,700,0
ae,metal_nut,2,data/mvtec_ad/metal_nut/test/bent/002.png,bent,1,0.0196497999131679,700,700,4763
ae,metal_nut,68,data/mvtec_ad/metal_nut/test/flip/021.png,flip,1,0.0196413621306419,700,700,236046
ae,metal_nut,44,data/mvtec_ad/metal_nut/test/color/019.png,color,1,0.0196251831948757,700,700,11183
ae,metal_nut,88,data/mvtec_ad/metal_nut/test/good/018.png,good,0,0.0195595752447843,700,700,0
ae,metal_nut,22,data/mvtec_ad/metal_nut/test/bent/022.png,bent,1,0.0195445828139781,700,700,6818
ae,metal_nut,87,data/mvtec_ad/metal_nut/test/good/017.png,good,0,0.0195342376828193,700,700,0
ae,metal_nut,10,data/mvtec_ad/metal_nut/test/bent/010.png,bent,1,0.019483458250761,700,700,14140
ae,metal_nut,107,data/mvtec_ad/metal_nut/test/scratch/015.png,scratch,1,0.0194795280694961,700,700,16077
ae,metal_nut,100,data/mvtec_ad/metal_nut/test/scratch/008.png,scratch,1,0.0194108486175537,700,700,34572
ae,metal_nut,102,data/mvtec_ad/metal_nut/test/scratch/010.png,scratch,1,0.0193949937820434,700,700,58374
ae,metal_nut,9,data/mvtec_ad/metal_nut/test/bent/009.png,bent,1,0.0193677451461553,700,700,8317
ae,metal_nut,67,data/mvtec_ad/metal_nut/test/flip/020.png,flip,1,0.019350154325366,700,700,236216
ae,metal_nut,63,data/mvtec_ad/metal_nut/test/flip/016.png,flip,1,0.0193481054157018,700,700,238493
ae,metal_nut,39,data/mvtec_ad/metal_nut/test/color/014.png,color,1,0.0193291790783405,700,700,5992
ae,metal_nut,105,data/mvtec_ad/metal_nut/test/scratch/013.png,scratch,1,0.0193235706537961,700,700,21399
ae,metal_nut,28,data/mvtec_ad/metal_nut/test/color/003.png,color,1,0.0192768312990665,700,700,2367
ae,metal_nut,96,data/mvtec_ad/metal_nut/test/scratch/004.png,scratch,1,0.0192387849092483,700,700,20249
ae,metal_nut,71,data/mvtec_ad/metal_nut/test/good/001.png,good,0,0.0191874243319034,700,700,0
ae,metal_nut,58,data/mvtec_ad/metal_nut/test/flip/011.png,flip,1,0.0191735252737998,700,700,234959
ae,metal_nut,108,data/mvtec_ad/metal_nut/test/scratch/016.png,scratch,1,0.0191704016178846,700,700,27129
ae,metal_nut,30,data/mvtec_ad/metal_nut/test/color/005.png,color,1,0.0190857201814651,700,700,5610
ae,metal_nut,74,data/mvtec_ad/metal_nut/test/good/004.png,good,0,0.0190810170024633,700,700,0
ae,metal_nut,41,data/mvtec_ad/metal_nut/test/color/016.png,color,1,0.0190419591963291,700,700,12301
ae,metal_nut,109,data/mvtec_ad/metal_nut/test/scratch/017.png,scratch,1,0.0190339311957359,700,700,23344
ae,metal_nut,38,data/mvtec_ad/metal_nut/test/color/013.png,color,1,0.0189800225198268,700,700,11259
ae,metal_nut,17,data/mvtec_ad/metal_nut/test/bent/017.png,bent,1,0.0189767554402351,700,700,9041
ae,metal_nut,21,data/mvtec_ad/metal_nut/test/bent/021.png,bent,1,0.018875615671277,700,700,9838
ae,metal_nut,46,data/mvtec_ad/metal_nut/test/color/021.png,color,1,0.0188736096024513,700,700,13743
ae,metal_nut,69,data/mvtec_ad/metal_nut/test/flip/022.png,flip,1,0.0188505388796329,700,700,235963
ae,metal_nut,20,data/mvtec_ad/metal_nut/test/bent/020.png,bent,1,0.0187313668429851,700,700,9625
ae,metal_nut,43,data/mvtec_ad/metal_nut/test/color/018.png,color,1,0.018707487732172,700,700,9301
ae,metal_nut,65,data/mvtec_ad/metal_nut/test/flip/018.png,flip,1,0.0186847448348999,700,700,235196
ae,metal_nut,104,data/mvtec_ad/metal_nut/test/scratch/012.png,scratch,1,0.018684584647417,700,700,60275
ae,metal_nut,91,data/mvtec_ad/metal_nut/test/good/021.png,good,0,0.0185986515134573,700,700,0
ae,metal_nut,89,data/mvtec_ad/metal_nut/test/good/019.png,good,0,0.0185844805091619,700,700,0
ae,metal_nut,90,data/mvtec_ad/metal_nut/test/good/020.png,good,0,0.0185794569551944,700,700,0
ae,metal_nut,106,data/mvtec_ad/metal_nut/test/scratch/014.png,scratch,1,0.0183192081749439,700,700,18253
ae,metal_nut,64,data/mvtec_ad/metal_nut/test/flip/017.png,flip,1,0.0183043591678142,700,700,238751
ae,metal_nut,110,data/mvtec_ad/metal_nut/test/scratch/018.png,scratch,1,0.0182195696979761,700,700,19395
ae,metal_nut,25,data/mvtec_ad/metal_nut/test/color/000.png,color,1,0.0182180479168891,700,700,2135
ae,metal_nut,101,data/mvtec_ad/metal_nut/test/scratch/009.png,scratch,1,0.0179903022944927,700,700,43222
ae,metal_nut,86,data/mvtec_ad/metal_nut/test/good/016.png,good,0,0.0177920758724212,700,700,0
ae,screw,114,data/mvtec_ad/screw/test/thread_side/000.png,thread_side,1,0.0143725778907537,1024,1024,1580
ae,screw,78,data/mvtec_ad/screw/test/scratch_head/013.png,scratch_head,1,0.0142507199198007,1024,1024,1953
ae,screw,104,data/mvtec_ad/screw/test/scratch_neck/015.png,scratch_neck,1,0.0139152500778436,1024,1024,3017
ae,screw,14,data/mvtec_ad/screw/test/good/014.png,good,0,0.0137618808075785,1024,1024,0
ae,screw,22,data/mvtec_ad/screw/test/good/022.png,good,0,0.0137413684278726,1024,1024,0
ae,screw,83,data/mvtec_ad/screw/test/scratch_head/018.png,scratch_head,1,0.0136470207944512,1024,1024,3846
ae,screw,80,data/mvtec_ad/screw/test/scratch_head/015.png,scratch_head,1,0.0136352507397532,1024,1024,3545
ae,screw,35,data/mvtec_ad/screw/test/good/035.png,good,0,0.0136033687740564,1024,1024,0
ae,screw,102,data/mvtec_ad/screw/test/scratch_neck/013.png,scratch_neck,1,0.0135666579008102,1024,1024,3198
ae,screw,138,data/mvtec_ad/screw/test/thread_top/001.png,thread_top,1,0.0135070905089378,1024,1024,6387
ae,screw,4,data/mvtec_ad/screw/test/good/004.png,good,0,0.0134630091488361,1024,1024,0
ae,screw,125,data/mvtec_ad/screw/test/thread_side/011.png,thread_side,1,0.0134611576795578,1024,1024,1761
ae,screw,29,data/mvtec_ad/screw/test/good/029.png,good,0,0.0134323509410023,1024,1024,0
ae,screw,5,data/mvtec_ad/screw/test/good/005.png,good,0,0.0134308319538831,1024,1024,0
ae,screw,15,data/mvtec_ad/screw/test/good/015.png,good,0,0.0134048443287611,1024,1024,0
ae,screw,96,data/mvtec_ad/screw/test/scratch_neck/007.png,scratch_neck,1,0.0133999269455671,1024,1024,3062
ae,screw,74,data/mvtec_ad/screw/test/scratch_head/009.png,scratch_head,1,0.0133968153968453,1024,1024,3278
ae,screw,30,data/mvtec_ad/screw/test/good/030.png,good,0,0.0133330198004841,1024,1024,0
ae,screw,131,data/mvtec_ad/screw/test/thread_side/017.png,thread_side,1,0.0133215859532356,1024,1024,2901
ae,screw,73,data/mvtec_ad/screw/test/scratch_head/008.png,scratch_head,1,0.0132823605090379,1024,1024,3009
ae,screw,152,data/mvtec_ad/screw/test/thread_top/015.png,thread_top,1,0.0132040046155452,1024,1024,3769
ae,screw,70,data/mvtec_ad/screw/test/scratch_head/005.png,scratch_head,1,0.0131701007485389,1024,1024,1355
ae,screw,19,data/mvtec_ad/screw/test/good/019.png,good,0,0.0131282322108745,1024,1024,0
ae,screw,13,data/mvtec_ad/screw/test/good/013.png,good,0,0.0131127834320068,1024,1024,0
ae,screw,105,data/mvtec_ad/screw/test/scratch_neck/016.png,scratch_neck,1,0.0131089240312576,1024,1024,3955
ae,screw,7,data/mvtec_ad/screw/test/good/007.png,good,0,0.013105496764183,1024,1024,0
ae,screw,49,data/mvtec_ad/screw/test/manipulated_front/008.png,manipulated_front,1,0.0130909206345677,1024,1024,3808
ae,screw,76,data/mvtec_ad/screw/test/scratch_head/011.png,scratch_head,1,0.0130795929580926,1024,1024,2801
ae,screw,10,data/mvtec_ad/screw/test/good/010.png,good,0,0.0130760380998253,1024,1024,0
ae,screw,25,data/mvtec_ad/screw/test/good/025.png,good,0,0.013043113052845,1024,1024,0
ae,screw,68,data/mvtec_ad/screw/test/scratch_head/003.png,scratch_head,1,0.0130199389532208,1024,1024,1741
ae,screw,95,data/mvtec_ad/screw/test/scratch_neck/006.png,scratch_neck,1,0.0130195813253521,1024,1024,4725
ae,screw,92,data/mvtec_ad/screw/test/scratch_neck/003.png,scratch_neck,1,0.0130106378346681,1024,1024,2614
ae,screw,71,data/mvtec_ad/screw/test/scratch_head/006.png,scratch_head,1,0.0130025725811719,1024,1024,2586
ae,screw,79,data/mvtec_ad/screw/test/scratch_head/014.png,scratch_head,1,0.0130021963268518,1024,1024,2388
ae,screw,31,data/mvtec_ad/screw/test/good/031.png,good,0,0.0129885030910372,1024,1024,0
ae,screw,113,data/mvtec_ad/screw/test/scratch_neck/024.png,scratch_neck,1,0.0129881240427494,1024,1024,3240
ae,screw,53,data/mvtec_ad/screw/test/manipulated_front/012.png,manipulated_front,1,0.0129734966903924,1024,1024,1695
ae,screw,97,data/mvtec_ad/screw/test/scratch_neck/008.png,scratch_neck,1,0.0129665620625019,1024,1024,4567
ae,screw,82,data/mvtec_ad/screw/test/scratch_head/017.png,scratch_head,1,0.0129624223336577,1024,1024,2511
ae,screw,63,data/mvtec_ad/screw/test/manipulated_front/022.png,manipulated_front,1,0.0129509679973125,1024,1024,1506
ae,screw,39,data/mvtec_ad/screw/test/good/039.png,good,0,0.0129462489858269,1024,1024,0
ae,screw,16,data/mvtec_ad/screw/test/good/016.png,good,0,0.0129345254972577,1024,1024,0
ae,screw,75,data/mvtec_ad/screw/test/scratch_head/010.png,scratch_head,1,0.0129340942949056,1024,1024,2213
ae,screw,157,data/mvtec_ad/screw/test/thread_top/020.png,thread_top,1,0.0129073308780789,1024,1024,6790
ae,screw,34,data/mvtec_ad/screw/test/good/034.png,good,0,0.0128837879747152,1024,1024,0
ae,screw,33,data/mvtec_ad/screw/test/good/033.png,good,0,0.0128493532538414,1024,1024,0
ae,screw,3,data/mvtec_ad/screw/test/good/003.png,good,0,0.0128455609083175,1024,1024,0
ae,screw,23,data/mvtec_ad/screw/test/good/023.png,good,0,0.0127983251586556,1024,1024,0
ae,screw,8,data/mvtec_ad/screw/test/good/008.png,good,0,0.0127974869683384,1024,1024,0
ae,screw,147,data/mvtec_ad/screw/test/thread_top/010.png,thread_top,1,0.0127927372232079,1024,1024,5418
ae,screw,116,data/mvtec_ad/screw/test/thread_side/002.png,thread_side,1,0.0127904107794165,1024,1024,2302
ae,screw,18,data/mvtec_ad/screw/test/good/018.png,good,0,0.0127681586891412,1024,1024,0
ae,screw,99,data/mvtec_ad/screw/test/scratch_neck/010.png,scratch_neck,1,0.0127607444301247,1024,1024,4609
ae,screw,43,data/mvtec_ad/screw/test/manipulated_front/002.png,manipulated_front,1,0.0127604287117719,1024,1024,2520
ae,screw,126,data/mvtec_ad/screw/test/thread_side/012.png,thread_side,1,0.0127363037317991,1024,1024,4231
ae,screw,88,data/mvtec_ad/screw/test/scratch_head/023.png,scratch_head,1,0.0127253104001283,1024,1024,2444
ae,screw,72,data/mvtec_ad/screw/test/scratch_head/007.png,scratch_head,1,0.0127245429903268,1024,1024,2707
ae,screw,26,data/mvtec_ad/screw/test/good/026.png,good,0,0.0127170393243432,1024,1024,0
ae,screw,87,data/mvtec_ad/screw/test/scratch_head/022.png,scratch_head,1,0.0126710701733827,1024,1024,1402
ae,screw,38,data/mvtec_ad/screw/test/good/038.png,good,0,0.0126252882182598,1024,1024,0
ae,screw,151,data/mvtec_ad/screw/test/thread_top/014.png,thread_top,1,0.0126098319888114,1024,1024,4905
ae,screw,55,data/mvtec_ad/screw/test/manipulated_front/014.png,manipulated_front,1,0.0126043418422341,1024,1024,3315
ae,screw,149,data/mvtec_ad/screw/test/thread_top/012.png,thread_top,1,0.0126029681414365,1024,1024,1275
ae,screw,40,data/mvtec_ad/screw/test/good/040.png,good,0,0.0126021094620227,1024,1024,0
ae,screw,106,data/mvtec_ad/screw/test/scratch_neck/017.png,scratch_neck,1,0.0125905061140656,1024,1024,3813
ae,screw,28,data/mvtec_ad/screw/test/good/028.png,good,0,0.0125806014984846,1024,1024,0
ae,screw,67,data/mvtec_ad/screw/test/scratch_head/002.png,scratch_head,1,0.012568169273436,1024,1024,3012
ae,screw,65,data/mvtec_ad/screw/test/scratch_head/000.png,scratch_head,1,0.0125639047473669,1024,1024,2767
ae,screw,27,data/mvtec_ad/screw/test/good/027.png,good,0,0.012562183663249,1024,1024,0
ae,screw,115,data/mvtec_ad/screw/test/thread_side/001.png,thread_side,1,0.012555981054902,1024,1024,6009
ae,screw,132,data/mvtec_ad/screw/test/thread_side/018.png,thread_side,1,0.0125200003385543,1024,1024,2424
ae,screw,148,data/mvtec_ad/screw/test/thread_top/011.png,thread_top,1,0.012513980269432,1024,1024,5075
ae,screw,21,data/mvtec_ad/screw/test/good/021.png,good,0,0.0125102698802948,1024,1024,0
ae,screw,9,data/mvtec_ad/screw/test/good/009.png,good,0,0.0125046465545892,1024,1024,0
ae,screw,46,data/mvtec_ad/screw/test/manipulated_front/005.png,manipulated_front,1,0.0124990260228514,1024,1024,3304
ae,screw,137,data/mvtec_ad/screw/test/thread_top/000.png,thread_top,1,0.0124975182116031,1024,1024,6803
ae,screw,155,data/mvtec_ad/screw/test/thread_top/018.png,thread_top,1,0.0124688427895307,1024,1024,5585
ae,screw,100,data/mvtec_ad/screw/test/scratch_neck/011.png,scratch_neck,1,0.012461363337934,1024,1024,1637
ae,screw,60,data/mvtec_ad/screw/test/manipulated_front/019.png,manipulated_front,1,0.0124610252678394,1024,1024,1771
ae,screw,62,data/mvtec_ad/screw/test/manipulated_front/021.png,manipulated_front,1,0.012458867393434,1024,1024,1537
ae,screw,91,data/mvtec_ad/screw/test/scratch_neck/002.png,scratch_neck,1,0.0124463625252246,1024,1024,2926
ae,screw,103,data/mvtec_ad/screw/test/scratch_neck/014.png,scratch_neck,1,0.0124244093894958,1024,1024,2981
ae,screw,111,data/mvtec_ad/screw/test/scratch_neck/022.png,scratch_neck,1,0.0123852239921689,1024,1024,1033
ae,screw,150,data/mvtec_ad/screw/test/thread_top/013.png,thread_top,1,0.012377000413835,1024,1024,3005
ae,screw,57,data/mvtec_ad/screw/test/manipulated_front/016.png,manipulated_front,1,0.0123686846345663,1024,1024,7016
ae,screw,110,data/mvtec_ad/screw/test/scratch_neck/021.png,scratch_neck,1,0.0123651511967182,1024,1024,2687
ae,screw,108,data/mvtec_ad/screw/test/scratch_neck/019.png,scratch_neck,1,0.0123450588434934,1024,1024,4108
ae,screw,128,data/mvtec_ad/screw/test/thread_side/014.png,thread_side,1,0.0123257879167795,1024,1024,2720
ae,screw,154,data/mvtec_ad/screw/test/thread_top/017.png,thread_top,1,0.0123218530789017,1024,1024,1161
ae,screw,94,data/mvtec_ad/screw/test/scratch_neck/005.png,scratch_neck,1,0.0123181939125061,1024,1024,2145
ae,screw,12,data/mvtec_ad/screw/test/good/012.png,good,0,0.0123173296451568,1024,1024,0
ae,screw,142,data/mvtec_ad/screw/test/thread_top/005.png,thread_top,1,0.0123101528733968,1024,1024,10599
ae,screw,36,data/mvtec_ad/screw/test/good/036.png,good,0,0.0122919362038373,1024,1024,0
ae,screw,84,data/mvtec_ad/screw/test/scratch_head/019.png,scratch_head,1,0.0122475856915116,1024,1024,2618
ae,screw,77,data/mvtec_ad/screw/test/scratch_head/012.png,scratch_head,1,0.0122466254979372,1024,1024,3541
ae,screw,51,data/mvtec_ad/screw/test/manipulated_front/010.png,manipulated_front,1,0.0122454306110739,1024,1024,3690
ae,screw,69,data/mvtec_ad/screw/test/scratch_head/004.png,scratch_head,1,0.0122296214103698,1024,1024,2981
ae,screw,81,data/mvtec_ad/screw/test/scratch_head/016.png,scratch_head,1,0.0122237429022789,1024,1024,2091
ae,screw,44,data/mvtec_ad/screw/test/manipulated_front/003.png,manipulated_front,1,0.0121855288743972,1024,1024,4826
ae,screw,146,data/mvtec_ad/screw/test/thread_top/009.png,thread_top,1,0.0121751464903354,1024,1024,4056
ae,screw,86,data/mvtec_ad/screw/test/scratch_head/021.png,scratch_head,1,0.0121744303032755,1024,1024,2066
ae,screw,156,data/mvtec_ad/screw/test/thread_top/019.png,thread_top,1,0.012171383947134,1024,1024,7792
ae,screw,145,data/mvtec_ad/screw/test/thread_top/008.png,thread_top,1,0.0121681429445743,1024,1024,5620
ae,screw,45,data/mvtec_ad/screw/test/manipulated_front/004.png,manipulated_front,1,0.0121678160503506,1024,1024,2245
ae,screw,93,data/mvtec_ad/screw/test/scratch_neck/004.png,scratch_neck,1,0.0121676661074161,1024,1024,3823
ae,screw,17,data/mvtec_ad/screw/test/good/017.png,good,0,0.0121661387383937,1024,1024,0
ae,screw,61,data/mvtec_ad/screw/test/manipulated_front/020.png,manipulated_front,1,0.0121239889413118,1024,1024,1359
ae,screw,37,data/mvtec_ad/screw/test/good/037.png,good,0,0.012116577476263,1024,1024,0
ae,screw,11,data/mvtec_ad/screw/test/good/011.png,good,0,0.0121015217155218,1024,1024,0
ae,screw,0,data/mvtec_ad/screw/test/good/000.png,good,0,0.0120853008702397,1024,1024,0
ae,screw,123,data/mvtec_ad/screw/test/thread_side/009.png,thread_side,1,0.0120804011821746,1024,1024,2577
ae,screw,98,data/mvtec_ad/screw/test/scratch_neck/009.png,scratch_neck,1,0.0120742544531822,1024,1024,2582
ae,screw,109,data/mvtec_ad/screw/test/scratch_neck/020.png,scratch_neck,1,0.012067737057805,1024,1024,7369
ae,screw,66,data/mvtec_ad/screw/test/scratch_head/001.png,scratch_head,1,0.0120651545003056,1024,1024,3019
ae,screw,107,data/mvtec_ad/screw/test/scratch_neck/018.png,scratch_neck,1,0.0120650036260485,1024,1024,3269
ae,screw,64,data/mvtec_ad/screw/test/manipulated_front/023.png,manipulated_front,1,0.0119954571127891,1024,1024,2523
ae,screw,144,data/mvtec_ad/screw/test/thread_top/007.png,thread_top,1,0.0119879264384508,1024,1024,6834
ae,screw,159,data/mvtec_ad/screw/test/thread_top/022.png,thread_top,1,0.0119853056967258,1024,1024,4004
ae,screw,101,data/mvtec_ad/screw/test/scratch_neck/012.png,scratch_neck,1,0.0119661791250109,1024,1024,3583
ae,screw,121,data/mvtec_ad/screw/test/thread_side/007.png,thread_side,1,0.0119604468345642,1024,1024,3887
ae,screw,42,data/mvtec_ad/screw/test/manipulated_front/001.png,manipulated_front,1,0.0119450353085994,1024,1024,2866
ae,screw,32,data/mvtec_ad/screw/test/good/032.png,good,0,0.0119421388953924,1024,1024,0
ae,screw,120,data/mvtec_ad/screw/test/thread_side/006.png,thread_side,1,0.0119388569146394,1024,1024,4696
ae,screw,41,data/mvtec_ad/screw/test/manipulated_front/000.png,manipulated_front,1,0.0119276866316795,1024,1024,3806
ae,screw,85,data/mvtec_ad/screw/test/scratch_head/020.png,scratch_head,1,0.0119228940457105,1024,1024,2465
ae,screw,54,data/mvtec_ad/screw/test/manipulated_front/013.png,manipulated_front,1,0.0119226519018411,1024,1024,3133
ae,screw,153,data/mvtec_ad/screw/test/thread_top/016.png,thread_top,1,0.0119219962507486,1024,1024,4124
ae,screw,133,data/mvtec_ad/screw/test/thread_side/019.png,thread_side,1,0.0119195859879255,1024,1024,1207
ae,screw,58,data/mvtec_ad/screw/test/manipulated_front/017.png,manipulated_front,1,0.0118967555463314,1024,1024,1443
ae,screw,139,data/mvtec_ad/screw/test/thread_top/002.png,thread_top,1,0.0118961222469806,1024,1024,6084
ae,screw,129,data/mvtec_ad/screw/test/thread_side/015.png,thread_side,1,0.0118663134053349,1024,1024,2977
ae,screw,127,data/mvtec_ad/screw/test/thread_side/013.png,thread_side,1,0.0118559692054986,1024,1024,1685
ae,screw,130,data/mvtec_ad/screw/test/thread_side/016.png,thread_side,1,0.0118475817143917,1024,1024,5564
ae,screw,20,data/mvtec_ad/screw/test/good/020.png,good,0,0.0118403369560837,1024,1024,0
ae,screw,135,data/mvtec_ad/screw/test/thread_side/021.png,thread_side,1,0.0118291098624467,1024,1024,3364
ae,screw,59,data/mvtec_ad/screw/test/manipulated_front/018.png,manipulated_front,1,0.0118038980290293,1024,1024,2756
ae,screw,50,data/mvtec_ad/screw/test/manipulated_front/009.png,manipulated_front,1,0.011800835840404,1024,1024,6709
ae,screw,143,data/mvtec_ad/screw/test/thread_top/006.png,thread_top,1,0.0117887156084179,1024,1024,7649
ae,screw,158,data/mvtec_ad/screw/test/thread_top/021.png,thread_top,1,0.0117822121828794,1024,1024,5326
ae,screw,6,data/mvtec_ad/screw/test/good/006.png,good,0,0.0117632988840341,1024,1024,0
ae,screw,118,data/mvtec_ad/screw/test/thread_side/004.png,thread_side,1,0.0117160808295011,1024,1024,1460
ae,screw,112,data/mvtec_ad/screw/test/scratch_neck/023.png,scratch_neck,1,0.0116992443799972,1024,1024,1717
ae,screw,24,data/mvtec_ad/screw/test/good/024.png,good,0,0.0116977365687489,1024,1024,0
ae,screw,117,data/mvtec_ad/screw/test/thread_side/003.png,thread_side,1,0.0116402637213468,1024,1024,2047
ae,screw,122,data/mvtec_ad/screw/test/thread_side/008.png,thread_side,1,0.0116092525422573,1024,1024,2757
ae,screw,119,data/mvtec_ad/screw/test/thread_side/005.png,thread_side,1,0.0115906409919261,1024,1024,2721
ae,screw,89,data/mvtec_ad/screw/test/scratch_neck/000.png,scratch_neck,1,0.0115690818056464,1024,1024,2810
ae,screw,90,data/mvtec_ad/screw/test/scratch_neck/001.png,scratch_neck,1,0.0115608973428606,1024,1024,7445
ae,screw,56,data/mvtec_ad/screw/test/manipulated_front/015.png,manipulated_front,1,0.0115088522434234,1024,1024,4777
ae,screw,136,data/mvtec_ad/screw/test/thread_side/022.png,thread_side,1,0.0115047516301274,1024,1024,3904
ae,screw,47,data/mvtec_ad/screw/test/manipulated_front/006.png,manipulated_front,1,0.0114570120349526,1024,1024,3633
ae,screw,134,data/mvtec_ad/screw/test/thread_side/020.png,thread_side,1,0.0114047117531299,1024,1024,1601
ae,screw,52,data/mvtec_ad/screw/test/manipulated_front/011.png,manipulated_front,1,0.0114005394279956,1024,1024,3133
ae,screw,2,data/mvtec_ad/screw/test/good/002.png,good,0,0.0112908538430929,1024,1024,0
ae,screw,141,data/mvtec_ad/screw/test/thread_top/004.png,thread_top,1,0.0112650142982602,1024,1024,6696
ae,screw,1,data/mvtec_ad/screw/test/good/001.png,good,0,0.0112621840089559,1024,1024,0
ae,screw,48,data/mvtec_ad/screw/test/manipulated_front/007.png,manipulated_front,1,0.0112335979938507,1024,1024,4911
ae,screw,124,data/mvtec_ad/screw/test/thread_side/010.png,thread_side,1,0.0111559899523854,1024,1024,3097
ae,screw,140,data/mvtec_ad/screw/test/thread_top/003.png,thread_top,1,0.0110332481563091,1024,1024,4646
ae,transistor,97,data/mvtec_ad/transistor/test/misplaced/007.png,misplaced,1,0.0300784725695848,1024,1024,512572
ae,transistor,98,data/mvtec_ad/transistor/test/misplaced/008.png,misplaced,1,0.0294781252741813,1024,1024,517163
ae,transistor,99,data/mvtec_ad/transistor/test/misplaced/009.png,misplaced,1,0.0250087566673755,1024,1024,414647
ae,transistor,95,data/mvtec_ad/transistor/test/misplaced/005.png,misplaced,1,0.0223375149071216,1024,1024,450193
ae,transistor,55,data/mvtec_ad/transistor/test/good/025.png,good,0,0.0208431836217641,1024,1024,0
ae,transistor,89,data/mvtec_ad/transistor/test/good/059.png,good,0,0.0196134913712739,1024,1024,0
ae,transistor,94,data/mvtec_ad/transistor/test/misplaced/004.png,misplaced,1,0.0193181484937667,1024,1024,423908
ae,transistor,87,data/mvtec_ad/transistor/test/good/057.png,good,0,0.019150510430336,1024,1024,0
ae,transistor,71,data/mvtec_ad/transistor/test/good/041.png,good,0,0.0186121352016925,1024,1024,0
ae,transistor,47,data/mvtec_ad/transistor/test/good/017.png,good,0,0.0184958558529615,1024,1024,0
ae,transistor,56,data/mvtec_ad/transistor/test/good/026.png,good,0,0.0183420404791831,1024,1024,0
ae,transistor,1,data/mvtec_ad/transistor/test/bent_lead/001.png,bent_lead,1,0.0182401835918426,1024,1024,2346
ae,transistor,62,data/mvtec_ad/transistor/test/good/032.png,good,0,0.0182087644934654,1024,1024,0
ae,transistor,31,data/mvtec_ad/transistor/test/good/001.png,good,0,0.0180436223745346,1024,1024,0
ae,transistor,7,data/mvtec_ad/transistor/test/bent_lead/007.png,bent_lead,1,0.0180256757885217,1024,1024,33409
ae,transistor,96,data/mvtec_ad/transistor/test/misplaced/006.png,misplaced,1,0.0179283060133457,1024,1024,424486
ae,transistor,90,data/mvtec_ad/transistor/test/misplaced/000.png,misplaced,1,0.0177177488803863,1024,1024,423034
ae,transistor,67,data/mvtec_ad/transistor/test/good/037.png,good,0,0.0176931824535131,1024,1024,0
ae,transistor,51,data/mvtec_ad/transistor/test/good/021.png,good,0,0.0176792442798614,1024,1024,0
ae,transistor,48,data/mvtec_ad/transistor/test/good/018.png,good,0,0.0176690146327018,1024,1024,0
ae,transistor,50,data/mvtec_ad/transistor/test/good/020.png,good,0,0.017654025927186,1024,1024,0
ae,transistor,54,data/mvtec_ad/transistor/test/good/024.png,good,0,0.0175992231816053,1024,1024,0
ae,transistor,84,data/mvtec_ad/transistor/test/good/054.png,good,0,0.0174314137548208,1024,1024,0
ae,transistor,9,data/mvtec_ad/transistor/test/bent_lead/009.png,bent_lead,1,0.0174139384180307,1024,1024,9434
ae,transistor,91,data/mvtec_ad/transistor/test/misplaced/001.png,misplaced,1,0.0173678770661354,1024,1024,428411
ae,transistor,49,data/mvtec_ad/transistor/test/good/019.png,good,0,0.0173520389944314,1024,1024,0
ae,transistor,83,data/mvtec_ad/transistor/test/good/053.png,good,0,0.0173057075589895,1024,1024,0
ae,transistor,75,data/mvtec_ad/transistor/test/good/045.png,good,0,0.0171102248132228,1024,1024,0
ae,transistor,63,data/mvtec_ad/transistor/test/good/033.png,good,0,0.0170747954398393,1024,1024,0
ae,transistor,79,data/mvtec_ad/transistor/test/good/049.png,good,0,0.016940826550126,1024,1024,0
ae,transistor,6,data/mvtec_ad/transistor/test/bent_lead/006.png,bent_lead,1,0.0168809220194816,1024,1024,37531
ae,transistor,88,data/mvtec_ad/transistor/test/good/058.png,good,0,0.0166803989559412,1024,1024,0
ae,transistor,52,data/mvtec_ad/transistor/test/good/022.png,good,0,0.0166280008852481,1024,1024,0
ae,transistor,8,data/mvtec_ad/transistor/test/bent_lead/008.png,bent_lead,1,0.0166202224791049,1024,1024,38241
ae,transistor,81,data/mvtec_ad/transistor/test/good/051.png,good,0,0.0165803898125886,1024,1024,0
ae,transistor,74,data/mvtec_ad/transistor/test/good/044.png,good,0,0.016444057226181,1024,1024,0
ae,transistor,70,data/mvtec_ad/transistor/test/good/040.png,good,0,0.0164080467075109,1024,1024,0
ae,transistor,66,data/mvtec_ad/transistor/test/good/036.png,good,0,0.016403641551733,1024,1024,0
ae,transistor,85,data/mvtec_ad/transistor/test/good/055.png,good,0,0.0163648948073387,1024,1024,0
ae,transistor,10,data/mvtec_ad/transistor/test/cut_lead/000.png,cut_lead,1,0.0163083169609308,1024,1024,11797
ae,transistor,72,data/mvtec_ad/transistor/test/good/042.png,good,0,0.0162705536931753,1024,1024,0
ae,transistor,0,data/mvtec_ad/transistor/test/bent_lead/000.png,bent_lead,1,0.0161555409431457,1024,1024,4485
ae,transistor,29,data/mvtec_ad/transistor/test/damaged_case/009.png,damaged_case,1,0.0161437392234802,1024,1024,53178
ae,transistor,16,data/mvtec_ad/transistor/test/cut_lead/006.png,cut_lead,1,0.0161301605403423,1024,1024,16077
ae,transistor,58,data/mvtec_ad/transistor/test/good/028.png,good,0,0.0161097571253776,1024,1024,0
ae,transistor,4,data/mvtec_ad/transistor/test/bent_lead/004.png,bent_lead,1,0.0161045752465724,1024,1024,4031
ae,transistor,32,data/mvtec_ad/transistor/test/good/002.png,good,0,0.0160703714936971,1024,1024,0
ae,transistor,28,data/mvtec_ad/transistor/test/damaged_case/008.png,damaged_case,1,0.016031039878726,1024,1024,52956
ae,transistor,53,data/mvtec_ad/transistor/test/good/023.png,good,0,0.0159802474081516,1024,1024,0
ae,transistor,61,data/mvtec_ad/transistor/test/good/031.png,good,0,0.015953728929162,1024,1024,0
ae,transistor,21,data/mvtec_ad/transistor/test/damaged_case/001.png,damaged_case,1,0.0159022249281406,1024,1024,56114
ae,transistor,82,data/mvtec_ad/transistor/test/good/052.png,good,0,0.0156969632953405,1024,1024,0
ae,transistor,78,data/mvtec_ad/transistor/test/good/048.png,good,0,0.0156937800347805,1024,1024,0
ae,transistor,13,data/mvtec_ad/transistor/test/cut_lead/003.png,cut_lead,1,0.0156896375119686,1024,1024,14952
ae,transistor,17,data/mvtec_ad/transistor/test/cut_lead/007.png,cut_lead,1,0.0156247541308403,1024,1024,10691
ae,transistor,65,data/mvtec_ad/transistor/test/good/035.png,good,0,0.0156179806217551,1024,1024,0
ae,transistor,24,data/mvtec_ad/transistor/test/damaged_case/004.png,damaged_case,1,0.0153904845938086,1024,1024,26658
ae,transistor,46,data/mvtec_ad/transistor/test/good/016.png,good,0,0.0153443850576877,1024,1024,0
ae,transistor,23,data/mvtec_ad/transistor/test/damaged_case/003.png,damaged_case,1,0.0153140183538198,1024,1024,15628
ae,transistor,60,data/mvtec_ad/transistor/test/good/030.png,good,0,0.015310289338231,1024,1024,0
ae,transistor,86,data/mvtec_ad/transistor/test/good/056.png,good,0,0.0152971278876066,1024,1024,0
ae,transistor,27,data/mvtec_ad/transistor/test/damaged_case/007.png,damaged_case,1,0.0152188958600163,1024,1024,13540
ae,transistor,73,data/mvtec_ad/transistor/test/good/043.png,good,0,0.0151868108659982,1024,1024,0
ae,transistor,2,data/mvtec_ad/transistor/test/bent_lead/002.png,bent_lead,1,0.0151392444968223,1024,1024,11899
ae,transistor,59,data/mvtec_ad/transistor/test/good/029.png,good,0,0.0151219349354505,1024,1024,0
ae,transistor,5,data/mvtec_ad/transistor/test/bent_lead/005.png,bent_lead,1,0.0151075534522533,1024,1024,16698
ae,transistor,36,data/mvtec_ad/transistor/test/good/006.png,good,0,0.0150593314319849,1024,1024,0
ae,transistor,64,data/mvtec_ad/transistor/test/good/034.png,good,0,0.0149843888357281,1024,1024,0
ae,transistor,12,data/mvtec_ad/transistor/test/cut_lead/002.png,cut_lead,1,0.0149525888264179,1024,1024,10883
ae,transistor,80,data/mvtec_ad/transistor/test/good/050.png,good,0,0.0149400439113378,1024,1024,0
ae,transistor,34,data/mvtec_ad/transistor/test/good/004.png,good,0,0.0149275530129671,1024,1024,0
ae,transistor,45,data/mvtec_ad/transistor/test/good/015.png,good,0,0.0147995427250862,1024,1024,0
ae,transistor,38,data/mvtec_ad/transistor/test/good/008.png,good,0,0.0147709622979164,1024,1024,0
ae,transistor,33,data/mvtec_ad/transistor/test/good/003.png,good,0,0.0146647514775395,1024,1024,0
ae,transistor,69,data/mvtec_ad/transistor/test/good/039.png,good,0,0.0146558117121458,1024,1024,0
ae,transistor,57,data/mvtec_ad/transistor/test/good/027.png,good,0,0.0145725654438138,1024,1024,0
ae,transistor,68,data/mvtec_ad/transistor/test/good/038.png,good,0,0.0145154437050223,1024,1024,0
ae,transistor,43,data/mvtec_ad/transistor/test/good/013.png,good,0,0.0144952610135078,1024,1024,0
ae,transistor,11,data/mvtec_ad/transistor/test/cut_lead/001.png,cut_lead,1,0.0144664328545331,1024,1024,18793
ae,transistor,25,data/mvtec_ad/transistor/test/damaged_case/005.png,damaged_case,1,0.0144535060971975,1024,1024,36644
ae,transistor,40,data/mvtec_ad/transistor/test/good/010.png,good,0,0.0143838599324226,1024,1024,0
ae,transistor,18,data/mvtec_ad/transistor/test/cut_lead/008.png,cut_lead,1,0.0141335865482687,1024,1024,20817
ae,transistor,19,data/mvtec_ad/transistor/test/cut_lead/009.png,cut_lead,1,0.0141201196238398,1024,1024,18426
ae,transistor,14,data/mvtec_ad/transistor/test/cut_lead/004.png,cut_lead,1,0.0141080915927886,1024,1024,37545
ae,transistor,26,data/mvtec_ad/transistor/test/damaged_case/006.png,damaged_case,1,0.0140872439369559,1024,1024,21721
ae,transistor,76,data/mvtec_ad/transistor/test/good/046.png,good,0,0.0140426000580191,1024,1024,0
ae,transistor,39,data/mvtec_ad/transistor/test/good/009.png,good,0,0.0140141192823648,1024,1024,0
ae,transistor,77,data/mvtec_ad/transistor/test/good/047.png,good,0,0.013999804854393,1024,1024,0
ae,transistor,42,data/mvtec_ad/transistor/test/good/012.png,good,0,0.0139900194481015,1024,1024,0
ae,transistor,15,data/mvtec_ad/transistor/test/cut_lead/005.png,cut_lead,1,0.0139202531427145,1024,1024,11874
ae,transistor,22,data/mvtec_ad/transistor/test/damaged_case/002.png,damaged_case,1,0.0138010866940021,1024,1024,6642
ae,transistor,20,data/mvtec_ad/transistor/test/damaged_case/000.png,damaged_case,1,0.0137868104502558,1024,1024,15585
ae,transistor,35,data/mvtec_ad/transistor/test/good/005.png,good,0,0.0137484017759561,1024,1024,0
ae,transistor,30,data/mvtec_ad/transistor/test/good/000.png,good,0,0.0135888811200857,1024,1024,0
ae,transistor,37,data/mvtec_ad/transistor/test/good/007.png,good,0,0.0135074770078063,1024,1024,0
ae,transistor,3,data/mvtec_ad/transistor/test/bent_lead/003.png,bent_lead,1,0.0134100848808884,1024,1024,9657
ae,transistor,44,data/mvtec_ad/transistor/test/good/014.png,good,0,0.0131524130702018,1024,1024,0
ae,transistor,41,data/mvtec_ad/transistor/test/good/011.png,good,0,0.0130286840721964,1024,1024,0
ae,transistor,93,data/mvtec_ad/transistor/test/misplaced/003.png,misplaced,1,0.0119086550548672,1024,1024,395671
ae,transistor,92,data/mvtec_ad/transistor/test/misplaced/002.png,misplaced,1,0.0117533132433891,1024,1024,397696
