detector_name,category,sample_index,image_path,defect_type,label,image_score,patch_grid_h,patch_grid_w,image_h,image_w,mask_positive_pixels
feature,bottle,56,data/mvtec_ad/bottle/test/contamination/014.png,contamination,1,1.0384994745254517,32,32,900,900,5429
feature,bottle,49,data/mvtec_ad/bottle/test/contamination/007.png,contamination,1,1.0303404331207275,32,32,900,900,45048
feature,bottle,59,data/mvtec_ad/bottle/test/contamination/017.png,contamination,1,1.0009955167770386,32,32,900,900,67541
feature,bottle,6,data/mvtec_ad/bottle/test/broken_large/006.png,broken_large,1,1.0006394386291504,32,32,900,900,123810
feature,bottle,18,data/mvtec_ad/bottle/test/broken_large/018.png,broken_large,1,0.9912993907928468,32,32,900,900,106080
feature,bottle,3,data/mvtec_ad/bottle/test/broken_large/003.png,broken_large,1,0.9898985624313354,32,32,900,900,222091
feature,bottle,24,data/mvtec_ad/bottle/test/broken_small/004.png,broken_small,1,0.9799456000328064,32,32,900,900,25926
feature,bottle,55,data/mvtec_ad/bottle/test/contamination/013.png,contamination,1,0.9770089387893676,32,32,900,900,41319
feature,bottle,4,data/mvtec_ad/bottle/test/broken_large/004.png,broken_large,1,0.973527491092682,32,32,900,900,33132
feature,bottle,1,data/mvtec_ad/bottle/test/broken_large/001.png,broken_large,1,0.9685692191123962,32,32,900,900,76641
feature,bottle,36,data/mvtec_ad/bottle/test/broken_small/016.png,broken_small,1,0.9662691950798036,32,32,900,900,16578
feature,bottle,40,data/mvtec_ad/bottle/test/broken_small/020.png,broken_small,1,0.9661353826522828,32,32,900,900,28333
feature,bottle,5,data/mvtec_ad/bottle/test/broken_large/005.png,broken_large,1,0.9654064774513244,32,32,900,900,33201
feature,bottle,32,data/mvtec_ad/bottle/test/broken_small/012.png,broken_small,1,0.96237313747406,32,32,900,900,63191
feature,bottle,38,data/mvtec_ad/bottle/test/broken_small/018.png,broken_small,1,0.9602194428443908,32,32,900,900,46314
feature,bottle,47,data/mvtec_ad/bottle/test/contamination/005.png,contamination,1,0.9600714445114136,32,32,900,900,99554
feature,bottle,10,data/mvtec_ad/bottle/test/broken_large/010.png,broken_large,1,0.9600489139556884,32,32,900,900,90028
feature,bottle,12,data/mvtec_ad/bottle/test/broken_large/012.png,broken_large,1,0.9572257995605468,32,32,900,900,70457
feature,bottle,60,data/mvtec_ad/bottle/test/contamination/018.png,contamination,1,0.9556405544281006,32,32,900,900,4663
feature,bottle,21,data/mvtec_ad/bottle/test/broken_small/001.png,broken_small,1,0.9530861377716064,32,32,900,900,11966
feature,bottle,37,data/mvtec_ad/bottle/test/broken_small/017.png,broken_small,1,0.94831520318985,32,32,900,900,20384
feature,bottle,19,data/mvtec_ad/bottle/test/broken_large/019.png,broken_large,1,0.9472410678863524,32,32,900,900,102217
feature,bottle,0,data/mvtec_ad/bottle/test/broken_large/000.png,broken_large,1,0.9452248811721802,32,32,900,900,88192
feature,bottle,41,data/mvtec_ad/bottle/test/broken_small/021.png,broken_small,1,0.9417365193367004,32,32,900,900,14995
feature,bottle,30,data/mvtec_ad/bottle/test/broken_small/010.png,broken_small,1,0.941092014312744,32,32,900,900,37177
feature,bottle,22,data/mvtec_ad/bottle/test/broken_small/002.png,broken_small,1,0.9410894513130188,32,32,900,900,29456
feature,bottle,39,data/mvtec_ad/bottle/test/broken_small/019.png,broken_small,1,0.9392430782318116,32,32,900,900,22626
feature,bottle,17,data/mvtec_ad/bottle/test/broken_large/017.png,broken_large,1,0.9355243444442748,32,32,900,900,114063
feature,bottle,2,data/mvtec_ad/bottle/test/broken_large/002.png,broken_large,1,0.9354523420333862,32,32,900,900,125835
feature,bottle,7,data/mvtec_ad/bottle/test/broken_large/007.png,broken_large,1,0.9318423867225648,32,32,900,900,130952
feature,bottle,57,data/mvtec_ad/bottle/test/contamination/015.png,contamination,1,0.9317752122879028,32,32,900,900,33779
feature,bottle,23,data/mvtec_ad/bottle/test/broken_small/003.png,broken_small,1,0.9281902313232422,32,32,900,900,65292
feature,bottle,15,data/mvtec_ad/bottle/test/broken_large/015.png,broken_large,1,0.925765872001648,32,32,900,900,75659
feature,bottle,8,data/mvtec_ad/bottle/test/broken_large/008.png,broken_large,1,0.9257423877716064,32,32,900,900,105614
feature,bottle,16,data/mvtec_ad/bottle/test/broken_large/016.png,broken_large,1,0.9243062734603882,32,32,900,900,118913
feature,bottle,13,data/mvtec_ad/bottle/test/broken_large/013.png,broken_large,1,0.9207363724708556,32,32,900,900,109290
feature,bottle,29,data/mvtec_ad/bottle/test/broken_small/009.png,broken_small,1,0.9162287712097168,32,32,900,900,19096
feature,bottle,26,data/mvtec_ad/bottle/test/broken_small/006.png,broken_small,1,0.9112759828567504,32,32,900,900,21797
feature,bottle,14,data/mvtec_ad/bottle/test/broken_large/014.png,broken_large,1,0.9049893021583556,32,32,900,900,38206
feature,bottle,35,data/mvtec_ad/bottle/test/broken_small/015.png,broken_small,1,0.901928722858429,32,32,900,900,13480
feature,bottle,25,data/mvtec_ad/bottle/test/broken_small/005.png,broken_small,1,0.9018698334693908,32,32,900,900,12266
feature,bottle,42,data/mvtec_ad/bottle/test/contamination/000.png,contamination,1,0.895004153251648,32,32,900,900,58708
feature,bottle,33,data/mvtec_ad/bottle/test/broken_small/013.png,broken_small,1,0.894199550151825,32,32,900,900,26219
feature,bottle,9,data/mvtec_ad/bottle/test/broken_large/009.png,broken_large,1,0.8910289406776428,32,32,900,900,70875
feature,bottle,52,data/mvtec_ad/bottle/test/contamination/010.png,contamination,1,0.8862518668174744,32,32,900,900,93231
feature,bottle,31,data/mvtec_ad/bottle/test/broken_small/011.png,broken_small,1,0.8792984485626221,32,32,900,900,15597
feature,bottle,48,data/mvtec_ad/bottle/test/contamination/006.png,contamination,1,0.8788918256759644,32,32,900,900,123943
feature,bottle,28,data/mvtec_ad/bottle/test/broken_small/008.png,broken_small,1,0.8724140524864197,32,32,900,900,17311
feature,bottle,50,data/mvtec_ad/bottle/test/contamination/008.png,contamination,1,0.8544129133224487,32,32,900,900,133876
feature,bottle,27,data/mvtec_ad/bottle/test/broken_small/007.png,broken_small,1,0.8496274948120117,32,32,900,900,17046
feature,bottle,34,data/mvtec_ad/bottle/test/broken_small/014.png,broken_small,1,0.8439893126487732,32,32,900,900,14546
feature,bottle,51,data/mvtec_ad/bottle/test/contamination/009.png,contamination,1,0.8431865572929382,32,32,900,900,111640
feature,bottle,11,data/mvtec_ad/bottle/test/broken_large/011.png,broken_large,1,0.8420647978782654,32,32,900,900,60540
feature,bottle,44,data/mvtec_ad/bottle/test/contamination/002.png,contamination,1,0.8334630727767944,32,32,900,900,14913
feature,bottle,20,data/mvtec_ad/bottle/test/broken_small/000.png,broken_small,1,0.8171734809875488,32,32,900,900,7166
feature,bottle,53,data/mvtec_ad/bottle/test/contamination/011.png,contamination,1,0.8012639284133911,32,32,900,900,120781
feature,bottle,61,data/mvtec_ad/bottle/test/contamination/019.png,contamination,1,0.7591549754142761,32,32,900,900,27013
feature,bottle,58,data/mvtec_ad/bottle/test/contamination/016.png,contamination,1,0.7578518986701965,32,32,900,900,122515
feature,bottle,43,data/mvtec_ad/bottle/test/contamination/001.png,contamination,1,0.7299818992614746,32,32,900,900,58120
feature,bottle,46,data/mvtec_ad/bottle/test/contamination/004.png,contamination,1,0.7163624167442322,32,32,900,900,16790
feature,bottle,62,data/mvtec_ad/bottle/test/contamination/020.png,contamination,1,0.6955626606941223,32,32,900,900,121385
feature,bottle,54,data/mvtec_ad/bottle/test/contamination/012.png,contamination,1,0.6911405324935913,32,32,900,900,122608
feature,bottle,45,data/mvtec_ad/bottle/test/contamination/003.png,contamination,1,0.6719725131988525,32,32,900,900,21317
feature,bottle,64,data/mvtec_ad/bottle/test/good/001.png,good,0,0.5960012078285217,32,32,900,900,0
feature,bottle,79,data/mvtec_ad/bottle/test/good/016.png,good,0,0.5956820845603943,32,32,900,900,0
feature,bottle,65,data/mvtec_ad/bottle/test/good/002.png,good,0,0.5840014815330505,32,32,900,900,0
feature,bottle,63,data/mvtec_ad/bottle/test/good/000.png,good,0,0.575439989566803,32,32,900,900,0
feature,bottle,78,data/mvtec_ad/bottle/test/good/015.png,good,0,0.5748523473739624,32,32,900,900,0
feature,bottle,69,data/mvtec_ad/bottle/test/good/006.png,good,0,0.5499996542930603,32,32,900,900,0
feature,bottle,67,data/mvtec_ad/bottle/test/good/004.png,good,0,0.5490984916687012,32,32,900,900,0
feature,bottle,72,data/mvtec_ad/bottle/test/good/009.png,good,0,0.5273302793502808,32,32,900,900,0
feature,bottle,73,data/mvtec_ad/bottle/test/good/010.png,good,0,0.521430253982544,32,32,900,900,0
feature,bottle,70,data/mvtec_ad/bottle/test/good/007.png,good,0,0.5204905271530151,32,32,900,900,0
feature,bottle,82,data/mvtec_ad/bottle/test/good/019.png,good,0,0.5173164010047913,32,32,900,900,0
feature,bottle,81,data/mvtec_ad/bottle/test/good/018.png,good,0,0.4896388053894043,32,32,900,900,0
feature,bottle,77,data/mvtec_ad/bottle/test/good/014.png,good,0,0.4879371225833893,32,32,900,900,0
feature,bottle,74,data/mvtec_ad/bottle/test/good/011.png,good,0,0.4749886095523834,32,32,900,900,0
feature,bottle,76,data/mvtec_ad/bottle/test/good/013.png,good,0,0.4727912843227386,32,32,900,900,0
feature,bottle,75,data/mvtec_ad/bottle/test/good/012.png,good,0,0.4716202914714813,32,32,900,900,0
feature,bottle,68,data/mvtec_ad/bottle/test/good/005.png,good,0,0.4570257663726806,32,32,900,900,0
feature,bottle,80,data/mvtec_ad/bottle/test/good/017.png,good,0,0.4522619247436523,32,32,900,900,0
feature,bottle,71,data/mvtec_ad/bottle/test/good/008.png,good,0,0.4472932815551758,32,32,900,900,0
feature,bottle,66,data/mvtec_ad/bottle/test/good/003.png,good,0,0.4369339644908905,32,32,900,900,0
feature,cable,33,data/mvtec_ad/cable/test/combined/008.png,combined,1,1.0261050462722778,32,32,1024,1024,48510
feature,cable,4,data/mvtec_ad/cable/test/bent_wire/004.png,bent_wire,1,1.016018986701965,32,32,1024,1024,32843
feature,cable,11,data/mvtec_ad/cable/test/bent_wire/011.png,bent_wire,1,0.9919593334197998,32,32,1024,1024,119231
feature,cable,9,data/mvtec_ad/cable/test/bent_wire/009.png,bent_wire,1,0.9784990549087524,32,32,1024,1024,38202
feature,cable,5,data/mvtec_ad/cable/test/bent_wire/005.png,bent_wire,1,0.9734856486320496,32,32,1024,1024,37738
feature,cable,124,data/mvtec_ad/cable/test/missing_cable/006.png,missing_cable,1,0.9698530435562134,32,32,1024,1024,236776
feature,cable,12,data/mvtec_ad/cable/test/bent_wire/012.png,bent_wire,1,0.9666325449943542,32,32,1024,1024,72366
feature,cable,10,data/mvtec_ad/cable/test/bent_wire/010.png,bent_wire,1,0.9653958678245544,32,32,1024,1024,38102
feature,cable,25,data/mvtec_ad/cable/test/combined/000.png,combined,1,0.9556090235710144,32,32,1024,1024,42321
feature,cable,1,data/mvtec_ad/cable/test/bent_wire/001.png,bent_wire,1,0.9551673531532288,32,32,1024,1024,15206
feature,cable,125,data/mvtec_ad/cable/test/missing_cable/007.png,missing_cable,1,0.9457645416259766,32,32,1024,1024,158927
feature,cable,26,data/mvtec_ad/cable/test/combined/001.png,combined,1,0.9453685283660888,32,32,1024,1024,41285
feature,cable,7,data/mvtec_ad/cable/test/bent_wire/007.png,bent_wire,1,0.9434252977371216,32,32,1024,1024,38552
feature,cable,40,data/mvtec_ad/cable/test/cut_inner_insulation/004.png,cut_inner_insulation,1,0.9349467754364014,32,32,1024,1024,44383
feature,cable,148,data/mvtec_ad/cable/test/poke_insulation/008.png,poke_insulation,1,0.9345663785934448,32,32,1024,1024,41654
feature,cable,127,data/mvtec_ad/cable/test/missing_cable/009.png,missing_cable,1,0.9323669672012328,32,32,1024,1024,151277
feature,cable,3,data/mvtec_ad/cable/test/bent_wire/003.png,bent_wire,1,0.9291898012161256,32,32,1024,1024,12881
feature,cable,51,data/mvtec_ad/cable/test/cut_outer_insulation/001.png,cut_outer_insulation,1,0.9290958642959596,32,32,1024,1024,7513
feature,cable,50,data/mvtec_ad/cable/test/cut_outer_insulation/000.png,cut_outer_insulation,1,0.9272869229316713,32,32,1024,1024,23454
feature,cable,55,data/mvtec_ad/cable/test/cut_outer_insulation/005.png,cut_outer_insulation,1,0.9260709285736084,32,32,1024,1024,4647
feature,cable,47,data/mvtec_ad/cable/test/cut_inner_insulation/011.png,cut_inner_insulation,1,0.9225811958312988,32,32,1024,1024,56332
feature,cable,30,data/mvtec_ad/cable/test/combined/005.png,combined,1,0.9180622100830078,32,32,1024,1024,148557
feature,cable,46,data/mvtec_ad/cable/test/cut_inner_insulation/010.png,cut_inner_insulation,1,0.9163034558296204,32,32,1024,1024,31665
feature,cable,45,data/mvtec_ad/cable/test/cut_inner_insulation/009.png,cut_inner_insulation,1,0.9144376516342164,32,32,1024,1024,61146
feature,cable,123,data/mvtec_ad/cable/test/missing_cable/005.png,missing_cable,1,0.9124773144721984,32,32,1024,1024,70780
feature,cable,128,data/mvtec_ad/cable/test/missing_cable/010.png,missing_cable,1,0.908738911151886,32,32,1024,1024,84372
feature,cable,37,data/mvtec_ad/cable/test/cut_inner_insulation/001.png,cut_inner_insulation,1,0.9078540802001952,32,32,1024,1024,30558
feature,cable,118,data/mvtec_ad/cable/test/missing_cable/000.png,missing_cable,1,0.9032281041145324,32,32,1024,1024,74489
feature,cable,121,data/mvtec_ad/cable/test/missing_cable/003.png,missing_cable,1,0.902119517326355,32,32,1024,1024,74858
feature,cable,52,data/mvtec_ad/cable/test/cut_outer_insulation/002.png,cut_outer_insulation,1,0.8999509811401367,32,32,1024,1024,14604
feature,cable,122,data/mvtec_ad/cable/test/missing_cable/004.png,missing_cable,1,0.8983824849128723,32,32,1024,1024,77885
feature,cable,57,data/mvtec_ad/cable/test/cut_outer_insulation/007.png,cut_outer_insulation,1,0.8983525633811951,32,32,1024,1024,21941
feature,cable,129,data/mvtec_ad/cable/test/missing_cable/011.png,missing_cable,1,0.8956618905067444,32,32,1024,1024,77245
feature,cable,120,data/mvtec_ad/cable/test/missing_cable/002.png,missing_cable,1,0.8954206705093384,32,32,1024,1024,69188
feature,cable,59,data/mvtec_ad/cable/test/cut_outer_insulation/009.png,cut_outer_insulation,1,0.8941169381141663,32,32,1024,1024,10318
feature,cable,29,data/mvtec_ad/cable/test/combined/004.png,combined,1,0.8931899070739746,32,32,1024,1024,49977
feature,cable,6,data/mvtec_ad/cable/test/bent_wire/006.png,bent_wire,1,0.8923983573913574,32,32,1024,1024,40784
feature,cable,119,data/mvtec_ad/cable/test/missing_cable/001.png,missing_cable,1,0.8893706202507019,32,32,1024,1024,71763
feature,cable,0,data/mvtec_ad/cable/test/bent_wire/000.png,bent_wire,1,0.8851595520973206,32,32,1024,1024,23162
feature,cable,126,data/mvtec_ad/cable/test/missing_cable/008.png,missing_cable,1,0.88502436876297,32,32,1024,1024,144175
feature,cable,48,data/mvtec_ad/cable/test/cut_inner_insulation/012.png,cut_inner_insulation,1,0.8849671483039856,32,32,1024,1024,103750
feature,cable,44,data/mvtec_ad/cable/test/cut_inner_insulation/008.png,cut_inner_insulation,1,0.8843518495559692,32,32,1024,1024,26265
feature,cable,27,data/mvtec_ad/cable/test/combined/002.png,combined,1,0.8838461637496948,32,32,1024,1024,23893
feature,cable,56,data/mvtec_ad/cable/test/cut_outer_insulation/006.png,cut_outer_insulation,1,0.8832780122756958,32,32,1024,1024,11710
feature,cable,31,data/mvtec_ad/cable/test/combined/006.png,combined,1,0.8820082545280457,32,32,1024,1024,94011
feature,cable,35,data/mvtec_ad/cable/test/combined/010.png,combined,1,0.8801783323287964,32,32,1024,1024,78276
feature,cable,39,data/mvtec_ad/cable/test/cut_inner_insulation/003.png,cut_inner_insulation,1,0.8746175169944763,32,32,1024,1024,62868
feature,cable,43,data/mvtec_ad/cable/test/cut_inner_insulation/007.png,cut_inner_insulation,1,0.8730744123458862,32,32,1024,1024,41070
feature,cable,42,data/mvtec_ad/cable/test/cut_inner_insulation/006.png,cut_inner_insulation,1,0.8719310760498047,32,32,1024,1024,19775
feature,cable,147,data/mvtec_ad/cable/test/poke_insulation/007.png,poke_insulation,1,0.8709491491317749,32,32,1024,1024,51028
feature,cable,36,data/mvtec_ad/cable/test/cut_inner_insulation/000.png,cut_inner_insulation,1,0.8707143068313599,32,32,1024,1024,33306
feature,cable,58,data/mvtec_ad/cable/test/cut_outer_insulation/008.png,cut_outer_insulation,1,0.8697757720947266,32,32,1024,1024,35537
feature,cable,145,data/mvtec_ad/cable/test/poke_insulation/005.png,poke_insulation,1,0.8638622760772705,32,32,1024,1024,6611
feature,cable,38,data/mvtec_ad/cable/test/cut_inner_insulation/002.png,cut_inner_insulation,1,0.8601757884025574,32,32,1024,1024,26929
feature,cable,141,data/mvtec_ad/cable/test/poke_insulation/001.png,poke_insulation,1,0.857506513595581,32,32,1024,1024,31427
feature,cable,2,data/mvtec_ad/cable/test/bent_wire/002.png,bent_wire,1,0.855930507183075,32,32,1024,1024,37083
feature,cable,54,data/mvtec_ad/cable/test/cut_outer_insulation/004.png,cut_outer_insulation,1,0.8553997278213501,32,32,1024,1024,24050
feature,cable,28,data/mvtec_ad/cable/test/combined/003.png,combined,1,0.8541198372840881,32,32,1024,1024,32849
feature,cable,49,data/mvtec_ad/cable/test/cut_inner_insulation/013.png,cut_inner_insulation,1,0.8528665900230408,32,32,1024,1024,29743
feature,cable,8,data/mvtec_ad/cable/test/bent_wire/008.png,bent_wire,1,0.8499087691307068,32,32,1024,1024,19659
feature,cable,140,data/mvtec_ad/cable/test/poke_insulation/000.png,poke_insulation,1,0.8496850728988647,32,32,1024,1024,8620
feature,cable,149,data/mvtec_ad/cable/test/poke_insulation/009.png,poke_insulation,1,0.849556565284729,32,32,1024,1024,37053
feature,cable,53,data/mvtec_ad/cable/test/cut_outer_insulation/003.png,cut_outer_insulation,1,0.8460263013839722,32,32,1024,1024,7697
feature,cable,22,data/mvtec_ad/cable/test/cable_swap/009.png,cable_swap,1,0.8429555296897888,32,32,1024,1024,58211
feature,cable,143,data/mvtec_ad/cable/test/poke_insulation/003.png,poke_insulation,1,0.8414681553840637,32,32,1024,1024,13376
feature,cable,41,data/mvtec_ad/cable/test/cut_inner_insulation/005.png,cut_inner_insulation,1,0.8388351202011108,32,32,1024,1024,27373
feature,cable,34,data/mvtec_ad/cable/test/combined/009.png,combined,1,0.8380724787712097,32,32,1024,1024,92936
feature,cable,138,data/mvtec_ad/cable/test/missing_wire/008.png,missing_wire,1,0.8349742889404297,32,32,1024,1024,18820
feature,cable,144,data/mvtec_ad/cable/test/poke_insulation/004.png,poke_insulation,1,0.8330603837966919,32,32,1024,1024,31573
feature,cable,135,data/mvtec_ad/cable/test/missing_wire/005.png,missing_wire,1,0.829349160194397,32,32,1024,1024,18712
feature,cable,146,data/mvtec_ad/cable/test/poke_insulation/006.png,poke_insulation,1,0.8240497708320618,32,32,1024,1024,27740
feature,cable,133,data/mvtec_ad/cable/test/missing_wire/003.png,missing_wire,1,0.8204622864723206,32,32,1024,1024,40701
feature,cable,19,data/mvtec_ad/cable/test/cable_swap/006.png,cable_swap,1,0.8198078870773315,32,32,1024,1024,67894
feature,cable,15,data/mvtec_ad/cable/test/cable_swap/002.png,cable_swap,1,0.8179397583007812,32,32,1024,1024,57103
feature,cable,24,data/mvtec_ad/cable/test/cable_swap/011.png,cable_swap,1,0.814415454864502,32,32,1024,1024,51956
feature,cable,139,data/mvtec_ad/cable/test/missing_wire/009.png,missing_wire,1,0.8141778111457825,32,32,1024,1024,20485
feature,cable,134,data/mvtec_ad/cable/test/missing_wire/004.png,missing_wire,1,0.8132992386817932,32,32,1024,1024,38640
feature,cable,142,data/mvtec_ad/cable/test/poke_insulation/002.png,poke_insulation,1,0.8106144666671753,32,32,1024,1024,1506
feature,cable,103,data/mvtec_ad/cable/test/good/043.png,good,0,0.8015605807304382,32,32,1024,1024,0
feature,cable,136,data/mvtec_ad/cable/test/missing_wire/006.png,missing_wire,1,0.7988162636756897,32,32,1024,1024,18399
feature,cable,17,data/mvtec_ad/cable/test/cable_swap/004.png,cable_swap,1,0.7937020063400269,32,32,1024,1024,55036
feature,cable,32,data/mvtec_ad/cable/test/combined/007.png,combined,1,0.7931554317474365,32,32,1024,1024,77899
feature,cable,21,data/mvtec_ad/cable/test/cable_swap/008.png,cable_swap,1,0.779624879360199,32,32,1024,1024,61687
feature,cable,132,data/mvtec_ad/cable/test/missing_wire/002.png,missing_wire,1,0.7792596220970154,32,32,1024,1024,15156
feature,cable,60,data/mvtec_ad/cable/test/good/000.png,good,0,0.77845698595047,32,32,1024,1024,0
feature,cable,14,data/mvtec_ad/cable/test/cable_swap/001.png,cable_swap,1,0.7784348130226135,32,32,1024,1024,61514
feature,cable,96,data/mvtec_ad/cable/test/good/036.png,good,0,0.776599109172821,32,32,1024,1024,0
feature,cable,20,data/mvtec_ad/cable/test/cable_swap/007.png,cable_swap,1,0.77382892370224,32,32,1024,1024,63705
feature,cable,131,data/mvtec_ad/cable/test/missing_wire/001.png,missing_wire,1,0.7682905793190002,32,32,1024,1024,16616
feature,cable,116,data/mvtec_ad/cable/test/good/056.png,good,0,0.7679010033607483,32,32,1024,1024,0
feature,cable,137,data/mvtec_ad/cable/test/missing_wire/007.png,missing_wire,1,0.7620812058448792,32,32,1024,1024,18838
feature,cable,130,data/mvtec_ad/cable/test/missing_wire/000.png,missing_wire,1,0.7598668336868286,32,32,1024,1024,24951
feature,cable,111,data/mvtec_ad/cable/test/good/051.png,good,0,0.7588914036750793,32,32,1024,1024,0
feature,cable,112,data/mvtec_ad/cable/test/good/052.png,good,0,0.7585840225219727,32,32,1024,1024,0
feature,cable,117,data/mvtec_ad/cable/test/good/057.png,good,0,0.7584024667739868,32,32,1024,1024,0
feature,cable,67,data/mvtec_ad/cable/test/good/007.png,good,0,0.7580487132072449,32,32,1024,1024,0
feature,cable,100,data/mvtec_ad/cable/test/good/040.png,good,0,0.7555782198905945,32,32,1024,1024,0
feature,cable,23,data/mvtec_ad/cable/test/cable_swap/010.png,cable_swap,1,0.755246102809906,32,32,1024,1024,60502
feature,cable,16,data/mvtec_ad/cable/test/cable_swap/003.png,cable_swap,1,0.75455641746521,32,32,1024,1024,59063
feature,cable,73,data/mvtec_ad/cable/test/good/013.png,good,0,0.7530614733695984,32,32,1024,1024,0
feature,cable,94,data/mvtec_ad/cable/test/good/034.png,good,0,0.7521457076072693,32,32,1024,1024,0
feature,cable,18,data/mvtec_ad/cable/test/cable_swap/005.png,cable_swap,1,0.7512372732162476,32,32,1024,1024,65474
feature,cable,98,data/mvtec_ad/cable/test/good/038.png,good,0,0.7502073645591736,32,32,1024,1024,0
feature,cable,66,data/mvtec_ad/cable/test/good/006.png,good,0,0.7476698756217957,32,32,1024,1024,0
feature,cable,13,data/mvtec_ad/cable/test/cable_swap/000.png,cable_swap,1,0.7464869618415833,32,32,1024,1024,67133
feature,cable,97,data/mvtec_ad/cable/test/good/037.png,good,0,0.7454432249069214,32,32,1024,1024,0
feature,cable,71,data/mvtec_ad/cable/test/good/011.png,good,0,0.7349821925163269,32,32,1024,1024,0
feature,cable,75,data/mvtec_ad/cable/test/good/015.png,good,0,0.7342111468315125,32,32,1024,1024,0
feature,cable,79,data/mvtec_ad/cable/test/good/019.png,good,0,0.7328763008117676,32,32,1024,1024,0
feature,cable,62,data/mvtec_ad/cable/test/good/002.png,good,0,0.7316185235977173,32,32,1024,1024,0
feature,cable,69,data/mvtec_ad/cable/test/good/009.png,good,0,0.7309491038322449,32,32,1024,1024,0
feature,cable,114,data/mvtec_ad/cable/test/good/054.png,good,0,0.7307988405227661,32,32,1024,1024,0
feature,cable,109,data/mvtec_ad/cable/test/good/049.png,good,0,0.728366494178772,32,32,1024,1024,0
feature,cable,72,data/mvtec_ad/cable/test/good/012.png,good,0,0.7280935049057007,32,32,1024,1024,0
feature,cable,90,data/mvtec_ad/cable/test/good/030.png,good,0,0.726582944393158,32,32,1024,1024,0
feature,cable,110,data/mvtec_ad/cable/test/good/050.png,good,0,0.725836455821991,32,32,1024,1024,0
feature,cable,74,data/mvtec_ad/cable/test/good/014.png,good,0,0.7243951559066772,32,32,1024,1024,0
feature,cable,65,data/mvtec_ad/cable/test/good/005.png,good,0,0.7239777445793152,32,32,1024,1024,0
feature,cable,68,data/mvtec_ad/cable/test/good/008.png,good,0,0.7236871123313904,32,32,1024,1024,0
feature,cable,88,data/mvtec_ad/cable/test/good/028.png,good,0,0.7230969071388245,32,32,1024,1024,0
feature,cable,92,data/mvtec_ad/cable/test/good/032.png,good,0,0.7230100631713867,32,32,1024,1024,0
feature,cable,82,data/mvtec_ad/cable/test/good/022.png,good,0,0.7220444679260254,32,32,1024,1024,0
feature,cable,95,data/mvtec_ad/cable/test/good/035.png,good,0,0.7181308269500732,32,32,1024,1024,0
feature,cable,91,data/mvtec_ad/cable/test/good/031.png,good,0,0.7163599133491516,32,32,1024,1024,0
feature,cable,78,data/mvtec_ad/cable/test/good/018.png,good,0,0.715911328792572,32,32,1024,1024,0
feature,cable,64,data/mvtec_ad/cable/test/good/004.png,good,0,0.7153432965278625,32,32,1024,1024,0
feature,cable,102,data/mvtec_ad/cable/test/good/042.png,good,0,0.7148314714431763,32,32,1024,1024,0
feature,cable,93,data/mvtec_ad/cable/test/good/033.png,good,0,0.7132282257080078,32,32,1024,1024,0
feature,cable,107,data/mvtec_ad/cable/test/good/047.png,good,0,0.712803065776825,32,32,1024,1024,0
feature,cable,61,data/mvtec_ad/cable/test/good/001.png,good,0,0.712469756603241,32,32,1024,1024,0
feature,cable,113,data/mvtec_ad/cable/test/good/053.png,good,0,0.7119995951652527,32,32,1024,1024,0
feature,cable,81,data/mvtec_ad/cable/test/good/021.png,good,0,0.711510181427002,32,32,1024,1024,0
feature,cable,80,data/mvtec_ad/cable/test/good/020.png,good,0,0.7113439440727234,32,32,1024,1024,0
feature,cable,70,data/mvtec_ad/cable/test/good/010.png,good,0,0.7071924805641174,32,32,1024,1024,0
feature,cable,108,data/mvtec_ad/cable/test/good/048.png,good,0,0.7059141993522644,32,32,1024,1024,0
feature,cable,115,data/mvtec_ad/cable/test/good/055.png,good,0,0.7058947682380676,32,32,1024,1024,0
feature,cable,101,data/mvtec_ad/cable/test/good/041.png,good,0,0.7010071873664856,32,32,1024,1024,0
feature,cable,76,data/mvtec_ad/cable/test/good/016.png,good,0,0.7009487152099609,32,32,1024,1024,0
feature,cable,99,data/mvtec_ad/cable/test/good/039.png,good,0,0.6986792683601379,32,32,1024,1024,0
feature,cable,83,data/mvtec_ad/cable/test/good/023.png,good,0,0.6983627676963806,32,32,1024,1024,0
feature,cable,86,data/mvtec_ad/cable/test/good/026.png,good,0,0.697281539440155,32,32,1024,1024,0
feature,cable,89,data/mvtec_ad/cable/test/good/029.png,good,0,0.6968021392822266,32,32,1024,1024,0
feature,cable,84,data/mvtec_ad/cable/test/good/024.png,good,0,0.695094645023346,32,32,1024,1024,0
feature,cable,77,data/mvtec_ad/cable/test/good/017.png,good,0,0.6907314658164978,32,32,1024,1024,0
feature,cable,104,data/mvtec_ad/cable/test/good/044.png,good,0,0.6891669034957886,32,32,1024,1024,0
feature,cable,85,data/mvtec_ad/cable/test/good/025.png,good,0,0.6890066862106323,32,32,1024,1024,0
feature,cable,105,data/mvtec_ad/cable/test/good/045.png,good,0,0.6798485517501831,32,32,1024,1024,0
feature,cable,87,data/mvtec_ad/cable/test/good/027.png,good,0,0.6782526969909668,32,32,1024,1024,0
feature,cable,106,data/mvtec_ad/cable/test/good/046.png,good,0,0.6747254729270935,32,32,1024,1024,0
feature,cable,63,data/mvtec_ad/cable/test/good/003.png,good,0,0.6514254808425903,32,32,1024,1024,0
feature,capsule,1,data/mvtec_ad/capsule/test/crack/001.png,crack,1,0.9749447107315063,32,32,1000,1000,23268
feature,capsule,4,data/mvtec_ad/capsule/test/crack/004.png,crack,1,0.950867235660553,32,32,1000,1000,3043
feature,capsule,15,data/mvtec_ad/capsule/test/crack/015.png,crack,1,0.947009801864624,32,32,1000,1000,11638
feature,capsule,17,data/mvtec_ad/capsule/test/crack/017.png,crack,1,0.9405460953712464,32,32,1000,1000,4812
feature,capsule,10,data/mvtec_ad/capsule/test/crack/010.png,crack,1,0.9188858270645142,32,32,1000,1000,17974
feature,capsule,127,data/mvtec_ad/capsule/test/squeeze/015.png,squeeze,1,0.911659836769104,32,32,1000,1000,23973
feature,capsule,112,data/mvtec_ad/capsule/test/squeeze/000.png,squeeze,1,0.8913899660110474,32,32,1000,1000,76945
feature,capsule,76,data/mvtec_ad/capsule/test/poke/008.png,poke,1,0.8886561989784241,32,32,1000,1000,5162
feature,capsule,11,data/mvtec_ad/capsule/test/crack/011.png,crack,1,0.8874179720878601,32,32,1000,1000,5428
feature,capsule,12,data/mvtec_ad/capsule/test/crack/012.png,crack,1,0.8760596513748169,32,32,1000,1000,3416
feature,capsule,123,data/mvtec_ad/capsule/test/squeeze/011.png,squeeze,1,0.8695476055145264,32,32,1000,1000,61876
feature,capsule,118,data/mvtec_ad/capsule/test/squeeze/006.png,squeeze,1,0.8609135150909424,32,32,1000,1000,70635
feature,capsule,14,data/mvtec_ad/capsule/test/crack/014.png,crack,1,0.8549891710281372,32,32,1000,1000,991
feature,capsule,68,data/mvtec_ad/capsule/test/poke/000.png,poke,1,0.8504977226257324,32,32,1000,1000,12289
feature,capsule,129,data/mvtec_ad/capsule/test/squeeze/017.png,squeeze,1,0.8496161699295044,32,32,1000,1000,5786
feature,capsule,119,data/mvtec_ad/capsule/test/squeeze/007.png,squeeze,1,0.8443266749382019,32,32,1000,1000,66178
feature,capsule,115,data/mvtec_ad/capsule/test/squeeze/003.png,squeeze,1,0.8423958420753479,32,32,1000,1000,3413
feature,capsule,81,data/mvtec_ad/capsule/test/poke/013.png,poke,1,0.8398423194885254,32,32,1000,1000,2479
feature,capsule,18,data/mvtec_ad/capsule/test/crack/018.png,crack,1,0.8368392586708069,32,32,1000,1000,2820
feature,capsule,13,data/mvtec_ad/capsule/test/crack/013.png,crack,1,0.8296839594841003,32,32,1000,1000,903
feature,capsule,82,data/mvtec_ad/capsule/test/poke/014.png,poke,1,0.8266385793685913,32,32,1000,1000,3589
feature,capsule,128,data/mvtec_ad/capsule/test/squeeze/016.png,squeeze,1,0.8219302296638489,32,32,1000,1000,80278
feature,capsule,113,data/mvtec_ad/capsule/test/squeeze/001.png,squeeze,1,0.82138592004776,32,32,1000,1000,50215
feature,capsule,121,data/mvtec_ad/capsule/test/squeeze/009.png,squeeze,1,0.8207029700279236,32,32,1000,1000,48392
feature,capsule,130,data/mvtec_ad/capsule/test/squeeze/018.png,squeeze,1,0.8153442144393921,32,32,1000,1000,11339
feature,capsule,120,data/mvtec_ad/capsule/test/squeeze/008.png,squeeze,1,0.8097281455993652,32,32,1000,1000,31191
feature,capsule,97,data/mvtec_ad/capsule/test/scratch/008.png,scratch,1,0.8027628064155579,32,32,1000,1000,6350
feature,capsule,126,data/mvtec_ad/capsule/test/squeeze/014.png,squeeze,1,0.7995561361312866,32,32,1000,1000,80787
feature,capsule,111,data/mvtec_ad/capsule/test/scratch/022.png,scratch,1,0.7971168756484985,32,32,1000,1000,14396
feature,capsule,131,data/mvtec_ad/capsule/test/squeeze/019.png,squeeze,1,0.7929081320762634,32,32,1000,1000,9902
feature,capsule,105,data/mvtec_ad/capsule/test/scratch/016.png,scratch,1,0.7863209247589111,32,32,1000,1000,5528
feature,capsule,125,data/mvtec_ad/capsule/test/squeeze/013.png,squeeze,1,0.7759861946105957,32,32,1000,1000,21950
feature,capsule,7,data/mvtec_ad/capsule/test/crack/007.png,crack,1,0.7714421153068542,32,32,1000,1000,4835
feature,capsule,122,data/mvtec_ad/capsule/test/squeeze/010.png,squeeze,1,0.770930290222168,32,32,1000,1000,11767
feature,capsule,104,data/mvtec_ad/capsule/test/scratch/015.png,scratch,1,0.7582184672355652,32,32,1000,1000,12196
feature,capsule,9,data/mvtec_ad/capsule/test/crack/009.png,crack,1,0.7486802935600281,32,32,1000,1000,5359
feature,capsule,79,data/mvtec_ad/capsule/test/poke/011.png,poke,1,0.7470062971115112,32,32,1000,1000,2714
feature,capsule,117,data/mvtec_ad/capsule/test/squeeze/005.png,squeeze,1,0.7446174025535583,32,32,1000,1000,5820
feature,capsule,107,data/mvtec_ad/capsule/test/scratch/018.png,scratch,1,0.7440085411071777,32,32,1000,1000,5811
feature,capsule,3,data/mvtec_ad/capsule/test/crack/003.png,crack,1,0.7430875897407532,32,32,1000,1000,3459
feature,capsule,6,data/mvtec_ad/capsule/test/crack/006.png,crack,1,0.7412310838699341,32,32,1000,1000,5236
feature,capsule,2,data/mvtec_ad/capsule/test/crack/002.png,crack,1,0.7386424541473389,32,32,1000,1000,2118
feature,capsule,27,data/mvtec_ad/capsule/test/faulty_imprint/004.png,faulty_imprint,1,0.7258938550949097,32,32,1000,1000,41291
feature,capsule,86,data/mvtec_ad/capsule/test/poke/018.png,poke,1,0.7214195728302002,32,32,1000,1000,2276
feature,capsule,103,data/mvtec_ad/capsule/test/scratch/014.png,scratch,1,0.7198899388313293,32,32,1000,1000,15261
feature,capsule,19,data/mvtec_ad/capsule/test/crack/019.png,crack,1,0.7184479832649231,32,32,1000,1000,2759
feature,capsule,116,data/mvtec_ad/capsule/test/squeeze/004.png,squeeze,1,0.7127849459648132,32,32,1000,1000,5830
feature,capsule,108,data/mvtec_ad/capsule/test/scratch/019.png,scratch,1,0.7097910642623901,32,32,1000,1000,9149
feature,capsule,28,data/mvtec_ad/capsule/test/faulty_imprint/005.png,faulty_imprint,1,0.709440290927887,32,32,1000,1000,39240
feature,capsule,84,data/mvtec_ad/capsule/test/poke/016.png,poke,1,0.7087149024009705,32,32,1000,1000,1318
feature,capsule,124,data/mvtec_ad/capsule/test/squeeze/012.png,squeeze,1,0.7076193690299988,32,32,1000,1000,64136
feature,capsule,69,data/mvtec_ad/capsule/test/poke/001.png,poke,1,0.7020508646965027,32,32,1000,1000,1926
feature,capsule,70,data/mvtec_ad/capsule/test/poke/002.png,poke,1,0.7014325261116028,32,32,1000,1000,1577
feature,capsule,71,data/mvtec_ad/capsule/test/poke/003.png,poke,1,0.6993850469589233,32,32,1000,1000,1901
feature,capsule,20,data/mvtec_ad/capsule/test/crack/020.png,crack,1,0.6970292925834656,32,32,1000,1000,684
feature,capsule,109,data/mvtec_ad/capsule/test/scratch/020.png,scratch,1,0.6775062680244446,32,32,1000,1000,5139
feature,capsule,83,data/mvtec_ad/capsule/test/poke/015.png,poke,1,0.6772089004516602,32,32,1000,1000,4295
feature,capsule,75,data/mvtec_ad/capsule/test/poke/007.png,poke,1,0.6702195405960083,32,32,1000,1000,695
feature,capsule,44,data/mvtec_ad/capsule/test/faulty_imprint/021.png,faulty_imprint,1,0.6659030914306641,32,32,1000,1000,3213
feature,capsule,99,data/mvtec_ad/capsule/test/scratch/010.png,scratch,1,0.6645805239677429,32,32,1000,1000,7296
feature,capsule,80,data/mvtec_ad/capsule/test/poke/012.png,poke,1,0.6544850468635559,32,32,1000,1000,2906
feature,capsule,100,data/mvtec_ad/capsule/test/scratch/011.png,scratch,1,0.6543199419975281,32,32,1000,1000,6366
feature,capsule,114,data/mvtec_ad/capsule/test/squeeze/002.png,squeeze,1,0.6539539098739624,32,32,1000,1000,1881
feature,capsule,43,data/mvtec_ad/capsule/test/faulty_imprint/020.png,faulty_imprint,1,0.6525892019271851,32,32,1000,1000,3458
feature,capsule,36,data/mvtec_ad/capsule/test/faulty_imprint/013.png,faulty_imprint,1,0.6498821973800659,32,32,1000,1000,3112
feature,capsule,101,data/mvtec_ad/capsule/test/scratch/012.png,scratch,1,0.6477474570274353,32,32,1000,1000,4424
feature,capsule,33,data/mvtec_ad/capsule/test/faulty_imprint/010.png,faulty_imprint,1,0.6406452655792236,32,32,1000,1000,2810
feature,capsule,73,data/mvtec_ad/capsule/test/poke/005.png,poke,1,0.6388111114501953,32,32,1000,1000,997
feature,capsule,85,data/mvtec_ad/capsule/test/poke/017.png,poke,1,0.6379860043525696,32,32,1000,1000,1274
feature,capsule,51,data/mvtec_ad/capsule/test/good/006.png,good,0,0.635549008846283,32,32,1000,1000,0
feature,capsule,66,data/mvtec_ad/capsule/test/good/021.png,good,0,0.6318151950836182,32,32,1000,1000,0
feature,capsule,77,data/mvtec_ad/capsule/test/poke/009.png,poke,1,0.627402126789093,32,32,1000,1000,2253
feature,capsule,64,data/mvtec_ad/capsule/test/good/019.png,good,0,0.6250675320625305,32,32,1000,1000,0
feature,capsule,96,data/mvtec_ad/capsule/test/scratch/007.png,scratch,1,0.6220918893814087,32,32,1000,1000,5954
feature,capsule,34,data/mvtec_ad/capsule/test/faulty_imprint/011.png,faulty_imprint,1,0.6219674944877625,32,32,1000,1000,1417
feature,capsule,41,data/mvtec_ad/capsule/test/faulty_imprint/018.png,faulty_imprint,1,0.6184757947921753,32,32,1000,1000,2149
feature,capsule,95,data/mvtec_ad/capsule/test/scratch/006.png,scratch,1,0.6178125143051147,32,32,1000,1000,8496
feature,capsule,91,data/mvtec_ad/capsule/test/scratch/002.png,scratch,1,0.6167553663253784,32,32,1000,1000,5762
feature,capsule,0,data/mvtec_ad/capsule/test/crack/000.png,crack,1,0.6163994669914246,32,32,1000,1000,2494
feature,capsule,5,data/mvtec_ad/capsule/test/crack/005.png,crack,1,0.6153230667114258,32,32,1000,1000,4351
feature,capsule,26,data/mvtec_ad/capsule/test/faulty_imprint/003.png,faulty_imprint,1,0.6128847599029541,32,32,1000,1000,1992
feature,capsule,89,data/mvtec_ad/capsule/test/scratch/000.png,scratch,1,0.6108779907226562,32,32,1000,1000,3260
feature,capsule,30,data/mvtec_ad/capsule/test/faulty_imprint/007.png,faulty_imprint,1,0.6086905598640442,32,32,1000,1000,2771
feature,capsule,90,data/mvtec_ad/capsule/test/scratch/001.png,scratch,1,0.6085011959075928,32,32,1000,1000,6448
feature,capsule,88,data/mvtec_ad/capsule/test/poke/020.png,poke,1,0.6056603193283081,32,32,1000,1000,2743
feature,capsule,37,data/mvtec_ad/capsule/test/faulty_imprint/014.png,faulty_imprint,1,0.6052364706993103,32,32,1000,1000,5727
feature,capsule,93,data/mvtec_ad/capsule/test/scratch/004.png,scratch,1,0.603600025177002,32,32,1000,1000,10398
feature,capsule,31,data/mvtec_ad/capsule/test/faulty_imprint/008.png,faulty_imprint,1,0.6035028100013733,32,32,1000,1000,3014
feature,capsule,32,data/mvtec_ad/capsule/test/faulty_imprint/009.png,faulty_imprint,1,0.6006392240524292,32,32,1000,1000,2529
feature,capsule,72,data/mvtec_ad/capsule/test/poke/004.png,poke,1,0.6002064347267151,32,32,1000,1000,5226
feature,capsule,102,data/mvtec_ad/capsule/test/scratch/013.png,scratch,1,0.5968602895736694,32,32,1000,1000,3090
feature,capsule,21,data/mvtec_ad/capsule/test/crack/021.png,crack,1,0.5953951478004456,32,32,1000,1000,371
feature,capsule,39,data/mvtec_ad/capsule/test/faulty_imprint/016.png,faulty_imprint,1,0.5840286016464233,32,32,1000,1000,2247
feature,capsule,38,data/mvtec_ad/capsule/test/faulty_imprint/015.png,faulty_imprint,1,0.582082986831665,32,32,1000,1000,2001
feature,capsule,22,data/mvtec_ad/capsule/test/crack/022.png,crack,1,0.579163134098053,32,32,1000,1000,731
feature,capsule,74,data/mvtec_ad/capsule/test/poke/006.png,poke,1,0.5738855004310608,32,32,1000,1000,1607
feature,capsule,59,data/mvtec_ad/capsule/test/good/014.png,good,0,0.5720075368881226,32,32,1000,1000,0
feature,capsule,23,data/mvtec_ad/capsule/test/faulty_imprint/000.png,faulty_imprint,1,0.5693715214729309,32,32,1000,1000,2672
feature,capsule,25,data/mvtec_ad/capsule/test/faulty_imprint/002.png,faulty_imprint,1,0.5691583752632141,32,32,1000,1000,2789
feature,capsule,8,data/mvtec_ad/capsule/test/crack/008.png,crack,1,0.5669131278991699,32,32,1000,1000,2750
feature,capsule,16,data/mvtec_ad/capsule/test/crack/016.png,crack,1,0.5646175146102905,32,32,1000,1000,1993
feature,capsule,87,data/mvtec_ad/capsule/test/poke/019.png,poke,1,0.5576522350311279,32,32,1000,1000,2135
feature,capsule,94,data/mvtec_ad/capsule/test/scratch/005.png,scratch,1,0.5571277141571045,32,32,1000,1000,2965
feature,capsule,56,data/mvtec_ad/capsule/test/good/011.png,good,0,0.5566924214363098,32,32,1000,1000,0
feature,capsule,98,data/mvtec_ad/capsule/test/scratch/009.png,scratch,1,0.5546178817749023,32,32,1000,1000,9587
feature,capsule,40,data/mvtec_ad/capsule/test/faulty_imprint/017.png,faulty_imprint,1,0.5542876124382019,32,32,1000,1000,3280
feature,capsule,24,data/mvtec_ad/capsule/test/faulty_imprint/001.png,faulty_imprint,1,0.5541076064109802,32,32,1000,1000,2289
feature,capsule,92,data/mvtec_ad/capsule/test/scratch/003.png,scratch,1,0.5530044436454773,32,32,1000,1000,8001
feature,capsule,29,data/mvtec_ad/capsule/test/faulty_imprint/006.png,faulty_imprint,1,0.552192747592926,32,32,1000,1000,2705
feature,capsule,52,data/mvtec_ad/capsule/test/good/007.png,good,0,0.5421188473701477,32,32,1000,1000,0
feature,capsule,78,data/mvtec_ad/capsule/test/poke/010.png,poke,1,0.5404698848724365,32,32,1000,1000,1960
feature,capsule,49,data/mvtec_ad/capsule/test/good/004.png,good,0,0.5368885397911072,32,32,1000,1000,0
feature,capsule,110,data/mvtec_ad/capsule/test/scratch/021.png,scratch,1,0.5274012684822083,32,32,1000,1000,4301
feature,capsule,54,data/mvtec_ad/capsule/test/good/009.png,good,0,0.5270466208457947,32,32,1000,1000,0
feature,capsule,65,data/mvtec_ad/capsule/test/good/020.png,good,0,0.5180620551109314,32,32,1000,1000,0
feature,capsule,45,data/mvtec_ad/capsule/test/good/000.png,good,0,0.5176638960838318,32,32,1000,1000,0
feature,capsule,47,data/mvtec_ad/capsule/test/good/002.png,good,0,0.5149248242378235,32,32,1000,1000,0
feature,capsule,53,data/mvtec_ad/capsule/test/good/008.png,good,0,0.5128033757209778,32,32,1000,1000,0
feature,capsule,63,data/mvtec_ad/capsule/test/good/018.png,good,0,0.5092789530754089,32,32,1000,1000,0
feature,capsule,106,data/mvtec_ad/capsule/test/scratch/017.png,scratch,1,0.5079569220542908,32,32,1000,1000,4649
feature,capsule,55,data/mvtec_ad/capsule/test/good/010.png,good,0,0.5025413036346436,32,32,1000,1000,0
feature,capsule,35,data/mvtec_ad/capsule/test/faulty_imprint/012.png,faulty_imprint,1,0.4982768297195434,32,32,1000,1000,6467
feature,capsule,60,data/mvtec_ad/capsule/test/good/015.png,good,0,0.4935437142848968,32,32,1000,1000,0
feature,capsule,48,data/mvtec_ad/capsule/test/good/003.png,good,0,0.4879466593265533,32,32,1000,1000,0
feature,capsule,42,data/mvtec_ad/capsule/test/faulty_imprint/019.png,faulty_imprint,1,0.4724221527576446,32,32,1000,1000,1627
feature,capsule,67,data/mvtec_ad/capsule/test/good/022.png,good,0,0.4648427367210388,32,32,1000,1000,0
feature,capsule,58,data/mvtec_ad/capsule/test/good/013.png,good,0,0.4622142314910888,32,32,1000,1000,0
feature,capsule,62,data/mvtec_ad/capsule/test/good/017.png,good,0,0.4566246271133423,32,32,1000,1000,0
feature,capsule,57,data/mvtec_ad/capsule/test/good/012.png,good,0,0.4501155912876129,32,32,1000,1000,0
feature,capsule,61,data/mvtec_ad/capsule/test/good/016.png,good,0,0.4313342273235321,32,32,1000,1000,0
feature,capsule,46,data/mvtec_ad/capsule/test/good/001.png,good,0,0.3912839293479919,32,32,1000,1000,0
feature,capsule,50,data/mvtec_ad/capsule/test/good/005.png,good,0,0.3872038125991821,32,32,1000,1000,0
feature,metal_nut,45,data/mvtec_ad/metal_nut/test/color/020.png,color,1,0.9580313563346864,32,32,700,700,17990
feature,metal_nut,57,data/mvtec_ad/metal_nut/test/flip/010.png,flip,1,0.9427981972694396,32,32,700,700,236323
feature,metal_nut,110,data/mvtec_ad/metal_nut/test/scratch/018.png,scratch,1,0.9260292053222656,32,32,700,700,19395
feature,metal_nut,36,data/mvtec_ad/metal_nut/test/color/011.png,color,1,0.9243714809417723,32,32,700,700,22001
feature,metal_nut,63,data/mvtec_ad/metal_nut/test/flip/016.png,flip,1,0.921092927455902,32,32,700,700,238493
feature,metal_nut,66,data/mvtec_ad/metal_nut/test/flip/019.png,flip,1,0.9202049374580384,32,32,700,700,236666
feature,metal_nut,50,data/mvtec_ad/metal_nut/test/flip/003.png,flip,1,0.9170107245445251,32,32,700,700,238487
feature,metal_nut,2,data/mvtec_ad/metal_nut/test/bent/002.png,bent,1,0.9167701005935668,32,32,700,700,4763
feature,metal_nut,24,data/mvtec_ad/metal_nut/test/bent/024.png,bent,1,0.9156076908111572,32,32,700,700,9177
feature,metal_nut,53,data/mvtec_ad/metal_nut/test/flip/006.png,flip,1,0.9151232242584229,32,32,700,700,235543
feature,metal_nut,100,data/mvtec_ad/metal_nut/test/scratch/008.png,scratch,1,0.9144097566604614,32,32,700,700,34572
feature,metal_nut,68,data/mvtec_ad/metal_nut/test/flip/021.png,flip,1,0.9118204116821288,32,32,700,700,236046
feature,metal_nut,5,data/mvtec_ad/metal_nut/test/bent/005.png,bent,1,0.9111794829368592,32,32,700,700,10851
feature,metal_nut,67,data/mvtec_ad/metal_nut/test/flip/020.png,flip,1,0.9097625017166138,32,32,700,700,236216
feature,metal_nut,51,data/mvtec_ad/metal_nut/test/flip/004.png,flip,1,0.9071984887123108,32,32,700,700,234904
feature,metal_nut,65,data/mvtec_ad/metal_nut/test/flip/018.png,flip,1,0.9067167043685912,32,32,700,700,235196
feature,metal_nut,107,data/mvtec_ad/metal_nut/test/scratch/015.png,scratch,1,0.9066784977912904,32,32,700,700,16077
feature,metal_nut,3,data/mvtec_ad/metal_nut/test/bent/003.png,bent,1,0.905189573764801,32,32,700,700,9132
feature,metal_nut,8,data/mvtec_ad/metal_nut/test/bent/008.png,bent,1,0.9024289846420288,32,32,700,700,9843
feature,metal_nut,54,data/mvtec_ad/metal_nut/test/flip/007.png,flip,1,0.8990731835365295,32,32,700,700,237959
feature,metal_nut,48,data/mvtec_ad/metal_nut/test/flip/001.png,flip,1,0.8987334370613098,32,32,700,700,238718
feature,metal_nut,10,data/mvtec_ad/metal_nut/test/bent/010.png,bent,1,0.8976844549179077,32,32,700,700,14140
feature,metal_nut,61,data/mvtec_ad/metal_nut/test/flip/014.png,flip,1,0.8973604440689087,32,32,700,700,234692
feature,metal_nut,11,data/mvtec_ad/metal_nut/test/bent/011.png,bent,1,0.8962510228157043,32,32,700,700,7137
feature,metal_nut,32,data/mvtec_ad/metal_nut/test/color/007.png,color,1,0.894917905330658,32,32,700,700,6865
feature,metal_nut,0,data/mvtec_ad/metal_nut/test/bent/000.png,bent,1,0.8944582343101501,32,32,700,700,23025
feature,metal_nut,52,data/mvtec_ad/metal_nut/test/flip/005.png,flip,1,0.8944434523582458,32,32,700,700,235361
feature,metal_nut,94,data/mvtec_ad/metal_nut/test/scratch/002.png,scratch,1,0.8940134644508362,32,32,700,700,57360
feature,metal_nut,4,data/mvtec_ad/metal_nut/test/bent/004.png,bent,1,0.8936416506767273,32,32,700,700,7685
feature,metal_nut,9,data/mvtec_ad/metal_nut/test/bent/009.png,bent,1,0.8930290937423706,32,32,700,700,8317
feature,metal_nut,27,data/mvtec_ad/metal_nut/test/color/002.png,color,1,0.8914521336555481,32,32,700,700,5585
feature,metal_nut,109,data/mvtec_ad/metal_nut/test/scratch/017.png,scratch,1,0.8910060524940491,32,32,700,700,23344
feature,metal_nut,38,data/mvtec_ad/metal_nut/test/color/013.png,color,1,0.8903812766075134,32,32,700,700,11259
feature,metal_nut,20,data/mvtec_ad/metal_nut/test/bent/020.png,bent,1,0.8894343376159668,32,32,700,700,9625
feature,metal_nut,60,data/mvtec_ad/metal_nut/test/flip/013.png,flip,1,0.8885109424591064,32,32,700,700,234720
feature,metal_nut,62,data/mvtec_ad/metal_nut/test/flip/015.png,flip,1,0.8880361914634705,32,32,700,700,235892
feature,metal_nut,69,data/mvtec_ad/metal_nut/test/flip/022.png,flip,1,0.8873481154441833,32,32,700,700,235963
feature,metal_nut,16,data/mvtec_ad/metal_nut/test/bent/016.png,bent,1,0.886412501335144,32,32,700,700,8326
feature,metal_nut,13,data/mvtec_ad/metal_nut/test/bent/013.png,bent,1,0.8856602311134338,32,32,700,700,12146
feature,metal_nut,14,data/mvtec_ad/metal_nut/test/bent/014.png,bent,1,0.8854659795761108,32,32,700,700,5223
feature,metal_nut,34,data/mvtec_ad/metal_nut/test/color/009.png,color,1,0.8851153254508972,32,32,700,700,8684
feature,metal_nut,47,data/mvtec_ad/metal_nut/test/flip/000.png,flip,1,0.8836857676506042,32,32,700,700,237351
feature,metal_nut,39,data/mvtec_ad/metal_nut/test/color/014.png,color,1,0.8826924562454224,32,32,700,700,5992
feature,metal_nut,46,data/mvtec_ad/metal_nut/test/color/021.png,color,1,0.8819504976272583,32,32,700,700,13743
feature,metal_nut,33,data/mvtec_ad/metal_nut/test/color/008.png,color,1,0.8816694617271423,32,32,700,700,22563
feature,metal_nut,37,data/mvtec_ad/metal_nut/test/color/012.png,color,1,0.8797636032104492,32,32,700,700,32188
feature,metal_nut,59,data/mvtec_ad/metal_nut/test/flip/012.png,flip,1,0.8796605467796326,32,32,700,700,234723
feature,metal_nut,49,data/mvtec_ad/metal_nut/test/flip/002.png,flip,1,0.8758446574211121,32,32,700,700,236355
feature,metal_nut,31,data/mvtec_ad/metal_nut/test/color/006.png,color,1,0.8757033944129944,32,32,700,700,3820
feature,metal_nut,103,data/mvtec_ad/metal_nut/test/scratch/011.png,scratch,1,0.8752384781837463,32,32,700,700,28948
feature,metal_nut,58,data/mvtec_ad/metal_nut/test/flip/011.png,flip,1,0.8750478625297546,32,32,700,700,234959
feature,metal_nut,17,data/mvtec_ad/metal_nut/test/bent/017.png,bent,1,0.8741009831428528,32,32,700,700,9041
feature,metal_nut,19,data/mvtec_ad/metal_nut/test/bent/019.png,bent,1,0.8733521699905396,32,32,700,700,13930
feature,metal_nut,12,data/mvtec_ad/metal_nut/test/bent/012.png,bent,1,0.8711896538734436,32,32,700,700,11750
feature,metal_nut,106,data/mvtec_ad/metal_nut/test/scratch/014.png,scratch,1,0.8705878257751465,32,32,700,700,18253
feature,metal_nut,108,data/mvtec_ad/metal_nut/test/scratch/016.png,scratch,1,0.8673211336135864,32,32,700,700,27129
feature,metal_nut,56,data/mvtec_ad/metal_nut/test/flip/009.png,flip,1,0.8665879964828491,32,32,700,700,236366
feature,metal_nut,1,data/mvtec_ad/metal_nut/test/bent/001.png,bent,1,0.866180956363678,32,32,700,700,8413
feature,metal_nut,64,data/mvtec_ad/metal_nut/test/flip/017.png,flip,1,0.8651626706123352,32,32,700,700,238751
feature,metal_nut,6,data/mvtec_ad/metal_nut/test/bent/006.png,bent,1,0.8648735284805298,32,32,700,700,6810
feature,metal_nut,7,data/mvtec_ad/metal_nut/test/bent/007.png,bent,1,0.8639761805534363,32,32,700,700,3458
feature,metal_nut,25,data/mvtec_ad/metal_nut/test/color/000.png,color,1,0.8631496429443359,32,32,700,700,2135
feature,metal_nut,23,data/mvtec_ad/metal_nut/test/bent/023.png,bent,1,0.8625509142875671,32,32,700,700,10494
feature,metal_nut,105,data/mvtec_ad/metal_nut/test/scratch/013.png,scratch,1,0.8616662621498108,32,32,700,700,21399
feature,metal_nut,35,data/mvtec_ad/metal_nut/test/color/010.png,color,1,0.8612223267555237,32,32,700,700,16025
feature,metal_nut,99,data/mvtec_ad/metal_nut/test/scratch/007.png,scratch,1,0.8602800965309143,32,32,700,700,27302
feature,metal_nut,96,data/mvtec_ad/metal_nut/test/scratch/004.png,scratch,1,0.8598774075508118,32,32,700,700,20249
feature,metal_nut,104,data/mvtec_ad/metal_nut/test/scratch/012.png,scratch,1,0.8598551154136658,32,32,700,700,60275
feature,metal_nut,18,data/mvtec_ad/metal_nut/test/bent/018.png,bent,1,0.8593938946723938,32,32,700,700,11889
feature,metal_nut,22,data/mvtec_ad/metal_nut/test/bent/022.png,bent,1,0.8584843277931213,32,32,700,700,6818
feature,metal_nut,101,data/mvtec_ad/metal_nut/test/scratch/009.png,scratch,1,0.8576479554176331,32,32,700,700,43222
feature,metal_nut,29,data/mvtec_ad/metal_nut/test/color/004.png,color,1,0.8572114706039429,32,32,700,700,2212
feature,metal_nut,44,data/mvtec_ad/metal_nut/test/color/019.png,color,1,0.8571590781211853,32,32,700,700,11183
feature,metal_nut,28,data/mvtec_ad/metal_nut/test/color/003.png,color,1,0.8564083576202393,32,32,700,700,2367
feature,metal_nut,26,data/mvtec_ad/metal_nut/test/color/001.png,color,1,0.8536186218261719,32,32,700,700,2771
feature,metal_nut,55,data/mvtec_ad/metal_nut/test/flip/008.png,flip,1,0.8487622737884521,32,32,700,700,234449
feature,metal_nut,21,data/mvtec_ad/metal_nut/test/bent/021.png,bent,1,0.8446700572967529,32,32,700,700,9838
feature,metal_nut,102,data/mvtec_ad/metal_nut/test/scratch/010.png,scratch,1,0.8391231298446655,32,32,700,700,58374
feature,metal_nut,97,data/mvtec_ad/metal_nut/test/scratch/005.png,scratch,1,0.8389565944671631,32,32,700,700,14411
feature,metal_nut,43,data/mvtec_ad/metal_nut/test/color/018.png,color,1,0.8372145295143127,32,32,700,700,9301
feature,metal_nut,15,data/mvtec_ad/metal_nut/test/bent/015.png,bent,1,0.8311782479286194,32,32,700,700,17589
feature,metal_nut,40,data/mvtec_ad/metal_nut/test/color/015.png,color,1,0.8227187991142273,32,32,700,700,23333
feature,metal_nut,93,data/mvtec_ad/metal_nut/test/scratch/001.png,scratch,1,0.8149561882019043,32,32,700,700,34888
feature,metal_nut,30,data/mvtec_ad/metal_nut/test/color/005.png,color,1,0.8127298951148987,32,32,700,700,5610
feature,metal_nut,41,data/mvtec_ad/metal_nut/test/color/016.png,color,1,0.805830717086792,32,32,700,700,12301
feature,metal_nut,42,data/mvtec_ad/metal_nut/test/color/017.png,color,1,0.7969745993614197,32,32,700,700,16277
feature,metal_nut,98,data/mvtec_ad/metal_nut/test/scratch/006.png,scratch,1,0.7887468934059143,32,32,700,700,14713
feature,metal_nut,111,data/mvtec_ad/metal_nut/test/scratch/019.png,scratch,1,0.7810348868370056,32,32,700,700,27262
feature,metal_nut,114,data/mvtec_ad/metal_nut/test/scratch/022.png,scratch,1,0.7735241651535034,32,32,700,700,36121
feature,metal_nut,92,data/mvtec_ad/metal_nut/test/scratch/000.png,scratch,1,0.7732086777687073,32,32,700,700,9302
feature,metal_nut,112,data/mvtec_ad/metal_nut/test/scratch/020.png,scratch,1,0.7641721367835999,32,32,700,700,16654
feature,metal_nut,95,data/mvtec_ad/metal_nut/test/scratch/003.png,scratch,1,0.7606383562088013,32,32,700,700,21564
feature,metal_nut,113,data/mvtec_ad/metal_nut/test/scratch/021.png,scratch,1,0.7499187588691711,32,32,700,700,33969
feature,metal_nut,82,data/mvtec_ad/metal_nut/test/good/012.png,good,0,0.7450408935546875,32,32,700,700,0
feature,metal_nut,78,data/mvtec_ad/metal_nut/test/good/008.png,good,0,0.7256045341491699,32,32,700,700,0
feature,metal_nut,83,data/mvtec_ad/metal_nut/test/good/013.png,good,0,0.7235671877861023,32,32,700,700,0
feature,metal_nut,86,data/mvtec_ad/metal_nut/test/good/016.png,good,0,0.7194311022758484,32,32,700,700,0
feature,metal_nut,85,data/mvtec_ad/metal_nut/test/good/015.png,good,0,0.7129673957824707,32,32,700,700,0
feature,metal_nut,81,data/mvtec_ad/metal_nut/test/good/011.png,good,0,0.6930567622184753,32,32,700,700,0
feature,metal_nut,72,data/mvtec_ad/metal_nut/test/good/002.png,good,0,0.6913440227508545,32,32,700,700,0
feature,metal_nut,77,data/mvtec_ad/metal_nut/test/good/007.png,good,0,0.6855303645133972,32,32,700,700,0
feature,metal_nut,76,data/mvtec_ad/metal_nut/test/good/006.png,good,0,0.6812338829040527,32,32,700,700,0
feature,metal_nut,75,data/mvtec_ad/metal_nut/test/good/005.png,good,0,0.6767386198043823,32,32,700,700,0
feature,metal_nut,80,data/mvtec_ad/metal_nut/test/good/010.png,good,0,0.66289222240448,32,32,700,700,0
feature,metal_nut,87,data/mvtec_ad/metal_nut/test/good/017.png,good,0,0.662560760974884,32,32,700,700,0
feature,metal_nut,79,data/mvtec_ad/metal_nut/test/good/009.png,good,0,0.6612314581871033,32,32,700,700,0
feature,metal_nut,70,data/mvtec_ad/metal_nut/test/good/000.png,good,0,0.6570588946342468,32,32,700,700,0
feature,metal_nut,84,data/mvtec_ad/metal_nut/test/good/014.png,good,0,0.6566016674041748,32,32,700,700,0
feature,metal_nut,73,data/mvtec_ad/metal_nut/test/good/003.png,good,0,0.6550517082214355,32,32,700,700,0
feature,metal_nut,71,data/mvtec_ad/metal_nut/test/good/001.png,good,0,0.6483710408210754,32,32,700,700,0
feature,metal_nut,91,data/mvtec_ad/metal_nut/test/good/021.png,good,0,0.6436740756034851,32,32,700,700,0
feature,metal_nut,89,data/mvtec_ad/metal_nut/test/good/019.png,good,0,0.6419549584388733,32,32,700,700,0
feature,metal_nut,88,data/mvtec_ad/metal_nut/test/good/018.png,good,0,0.6397424340248108,32,32,700,700,0
feature,metal_nut,90,data/mvtec_ad/metal_nut/test/good/020.png,good,0,0.629814088344574,32,32,700,700,0
feature,metal_nut,74,data/mvtec_ad/metal_nut/test/good/004.png,good,0,0.6293100714683533,32,32,700,700,0
feature,screw,98,data/mvtec_ad/screw/test/scratch_neck/009.png,scratch_neck,1,0.8661813735961914,32,32,1024,1024,2582
feature,screw,92,data/mvtec_ad/screw/test/scratch_neck/003.png,scratch_neck,1,0.8586584329605103,32,32,1024,1024,2614
feature,screw,97,data/mvtec_ad/screw/test/scratch_neck/008.png,scratch_neck,1,0.8516073822975159,32,32,1024,1024,4567
feature,screw,105,data/mvtec_ad/screw/test/scratch_neck/016.png,scratch_neck,1,0.8138536214828491,32,32,1024,1024,3955
feature,screw,96,data/mvtec_ad/screw/test/scratch_neck/007.png,scratch_neck,1,0.8035064935684204,32,32,1024,1024,3062
feature,screw,95,data/mvtec_ad/screw/test/scratch_neck/006.png,scratch_neck,1,0.8029420971870422,32,32,1024,1024,4725
feature,screw,108,data/mvtec_ad/screw/test/scratch_neck/019.png,scratch_neck,1,0.8003130555152893,32,32,1024,1024,4108
feature,screw,102,data/mvtec_ad/screw/test/scratch_neck/013.png,scratch_neck,1,0.7961949706077576,32,32,1024,1024,3198
feature,screw,113,data/mvtec_ad/screw/test/scratch_neck/024.png,scratch_neck,1,0.7915514707565308,32,32,1024,1024,3240
feature,screw,107,data/mvtec_ad/screw/test/scratch_neck/018.png,scratch_neck,1,0.7880671620368958,32,32,1024,1024,3269
feature,screw,104,data/mvtec_ad/screw/test/scratch_neck/015.png,scratch_neck,1,0.7880176305770874,32,32,1024,1024,3017
feature,screw,93,data/mvtec_ad/screw/test/scratch_neck/004.png,scratch_neck,1,0.7775374054908752,32,32,1024,1024,3823
feature,screw,144,data/mvtec_ad/screw/test/thread_top/007.png,thread_top,1,0.7767066359519958,32,32,1024,1024,6834
feature,screw,100,data/mvtec_ad/screw/test/scratch_neck/011.png,scratch_neck,1,0.7680614590644836,32,32,1024,1024,1637
feature,screw,148,data/mvtec_ad/screw/test/thread_top/011.png,thread_top,1,0.7575212717056274,32,32,1024,1024,5075
feature,screw,109,data/mvtec_ad/screw/test/scratch_neck/020.png,scratch_neck,1,0.7557057738304138,32,32,1024,1024,7369
feature,screw,59,data/mvtec_ad/screw/test/manipulated_front/018.png,manipulated_front,1,0.7521671056747437,32,32,1024,1024,2756
feature,screw,5,data/mvtec_ad/screw/test/good/005.png,good,0,0.7456291317939758,32,32,1024,1024,0
feature,screw,76,data/mvtec_ad/screw/test/scratch_head/011.png,scratch_head,1,0.7424298524856567,32,32,1024,1024,2801
feature,screw,123,data/mvtec_ad/screw/test/thread_side/009.png,thread_side,1,0.741012454032898,32,32,1024,1024,2577
feature,screw,157,data/mvtec_ad/screw/test/thread_top/020.png,thread_top,1,0.7384447455406189,32,32,1024,1024,6790
feature,screw,90,data/mvtec_ad/screw/test/scratch_neck/001.png,scratch_neck,1,0.7280014157295227,32,32,1024,1024,7445
feature,screw,110,data/mvtec_ad/screw/test/scratch_neck/021.png,scratch_neck,1,0.7270749807357788,32,32,1024,1024,2687
feature,screw,117,data/mvtec_ad/screw/test/thread_side/003.png,thread_side,1,0.7261446118354797,32,32,1024,1024,2047
feature,screw,142,data/mvtec_ad/screw/test/thread_top/005.png,thread_top,1,0.7197631001472473,32,32,1024,1024,10599
feature,screw,72,data/mvtec_ad/screw/test/scratch_head/007.png,scratch_head,1,0.713238000869751,32,32,1024,1024,2707
feature,screw,111,data/mvtec_ad/screw/test/scratch_neck/022.png,scratch_neck,1,0.711468517780304,32,32,1024,1024,1033
feature,screw,80,data/mvtec_ad/screw/test/scratch_head/015.png,scratch_head,1,0.703228771686554,32,32,1024,1024,3545
feature,screw,70,data/mvtec_ad/screw/test/scratch_head/005.png,scratch_head,1,0.7025792002677917,32,32,1024,1024,1355
feature,screw,77,data/mvtec_ad/screw/test/scratch_head/012.png,scratch_head,1,0.7024040818214417,32,32,1024,1024,3541
feature,screw,52,data/mvtec_ad/screw/test/manipulated_front/011.png,manipulated_front,1,0.7011457085609436,32,32,1024,1024,3133
feature,screw,156,data/mvtec_ad/screw/test/thread_top/019.png,thread_top,1,0.700368344783783,32,32,1024,1024,7792
feature,screw,145,data/mvtec_ad/screw/test/thread_top/008.png,thread_top,1,0.6997866630554199,32,32,1024,1024,5620
feature,screw,82,data/mvtec_ad/screw/test/scratch_head/017.png,scratch_head,1,0.698790431022644,32,32,1024,1024,2511
feature,screw,56,data/mvtec_ad/screw/test/manipulated_front/015.png,manipulated_front,1,0.6979978084564209,32,32,1024,1024,4777
feature,screw,83,data/mvtec_ad/screw/test/scratch_head/018.png,scratch_head,1,0.6961304545402527,32,32,1024,1024,3846
feature,screw,84,data/mvtec_ad/screw/test/scratch_head/019.png,scratch_head,1,0.6954562664031982,32,32,1024,1024,2618
feature,screw,149,data/mvtec_ad/screw/test/thread_top/012.png,thread_top,1,0.6953176259994507,32,32,1024,1024,1275
feature,screw,54,data/mvtec_ad/screw/test/manipulated_front/013.png,manipulated_front,1,0.6949135661125183,32,32,1024,1024,3133
feature,screw,124,data/mvtec_ad/screw/test/thread_side/010.png,thread_side,1,0.6932493448257446,32,32,1024,1024,3097
feature,screw,57,data/mvtec_ad/screw/test/manipulated_front/016.png,manipulated_front,1,0.6924440264701843,32,32,1024,1024,7016
feature,screw,71,data/mvtec_ad/screw/test/scratch_head/006.png,scratch_head,1,0.6917033791542053,32,32,1024,1024,2586
feature,screw,66,data/mvtec_ad/screw/test/scratch_head/001.png,scratch_head,1,0.69127357006073,32,32,1024,1024,3019
feature,screw,63,data/mvtec_ad/screw/test/manipulated_front/022.png,manipulated_front,1,0.6884015798568726,32,32,1024,1024,1506
feature,screw,153,data/mvtec_ad/screw/test/thread_top/016.png,thread_top,1,0.6877377033233643,32,32,1024,1024,4124
feature,screw,119,data/mvtec_ad/screw/test/thread_side/005.png,thread_side,1,0.6856123208999634,32,32,1024,1024,2721
feature,screw,131,data/mvtec_ad/screw/test/thread_side/017.png,thread_side,1,0.6850104928016663,32,32,1024,1024,2901
feature,screw,139,data/mvtec_ad/screw/test/thread_top/002.png,thread_top,1,0.6848969459533691,32,32,1024,1024,6084
feature,screw,45,data/mvtec_ad/screw/test/manipulated_front/004.png,manipulated_front,1,0.6842226386070251,32,32,1024,1024,2245
feature,screw,62,data/mvtec_ad/screw/test/manipulated_front/021.png,manipulated_front,1,0.6820430755615234,32,32,1024,1024,1537
feature,screw,4,data/mvtec_ad/screw/test/good/004.png,good,0,0.6817309260368347,32,32,1024,1024,0
feature,screw,89,data/mvtec_ad/screw/test/scratch_neck/000.png,scratch_neck,1,0.6811966896057129,32,32,1024,1024,2810
feature,screw,50,data/mvtec_ad/screw/test/manipulated_front/009.png,manipulated_front,1,0.6798389554023743,32,32,1024,1024,6709
feature,screw,55,data/mvtec_ad/screw/test/manipulated_front/014.png,manipulated_front,1,0.6793041825294495,32,32,1024,1024,3315
feature,screw,75,data/mvtec_ad/screw/test/scratch_head/010.png,scratch_head,1,0.6792009472846985,32,32,1024,1024,2213
feature,screw,81,data/mvtec_ad/screw/test/scratch_head/016.png,scratch_head,1,0.6790439486503601,32,32,1024,1024,2091
feature,screw,101,data/mvtec_ad/screw/test/scratch_neck/012.png,scratch_neck,1,0.678411602973938,32,32,1024,1024,3583
feature,screw,155,data/mvtec_ad/screw/test/thread_top/018.png,thread_top,1,0.6755152940750122,32,32,1024,1024,5585
feature,screw,78,data/mvtec_ad/screw/test/scratch_head/013.png,scratch_head,1,0.6747944951057434,32,32,1024,1024,1953
feature,screw,122,data/mvtec_ad/screw/test/thread_side/008.png,thread_side,1,0.670758068561554,32,32,1024,1024,2757
feature,screw,99,data/mvtec_ad/screw/test/scratch_neck/010.png,scratch_neck,1,0.6706525683403015,32,32,1024,1024,4609
feature,screw,138,data/mvtec_ad/screw/test/thread_top/001.png,thread_top,1,0.6705222725868225,32,32,1024,1024,6387
feature,screw,94,data/mvtec_ad/screw/test/scratch_neck/005.png,scratch_neck,1,0.6682278513908386,32,32,1024,1024,2145
feature,screw,103,data/mvtec_ad/screw/test/scratch_neck/014.png,scratch_neck,1,0.6669000387191772,32,32,1024,1024,2981
feature,screw,151,data/mvtec_ad/screw/test/thread_top/014.png,thread_top,1,0.6665023565292358,32,32,1024,1024,4905
feature,screw,49,data/mvtec_ad/screw/test/manipulated_front/008.png,manipulated_front,1,0.6663275957107544,32,32,1024,1024,3808
feature,screw,48,data/mvtec_ad/screw/test/manipulated_front/007.png,manipulated_front,1,0.6654093861579895,32,32,1024,1024,4911
feature,screw,44,data/mvtec_ad/screw/test/manipulated_front/003.png,manipulated_front,1,0.6643097996711731,32,32,1024,1024,4826
feature,screw,69,data/mvtec_ad/screw/test/scratch_head/004.png,scratch_head,1,0.6642292737960815,32,32,1024,1024,2981
feature,screw,68,data/mvtec_ad/screw/test/scratch_head/003.png,scratch_head,1,0.663555920124054,32,32,1024,1024,1741
feature,screw,112,data/mvtec_ad/screw/test/scratch_neck/023.png,scratch_neck,1,0.6633197665214539,32,32,1024,1024,1717
feature,screw,67,data/mvtec_ad/screw/test/scratch_head/002.png,scratch_head,1,0.6631981134414673,32,32,1024,1024,3012
feature,screw,154,data/mvtec_ad/screw/test/thread_top/017.png,thread_top,1,0.6621375679969788,32,32,1024,1024,1161
feature,screw,121,data/mvtec_ad/screw/test/thread_side/007.png,thread_side,1,0.6612008213996887,32,32,1024,1024,3887
feature,screw,115,data/mvtec_ad/screw/test/thread_side/001.png,thread_side,1,0.6600059866905212,32,32,1024,1024,6009
feature,screw,51,data/mvtec_ad/screw/test/manipulated_front/010.png,manipulated_front,1,0.659258246421814,32,32,1024,1024,3690
feature,screw,118,data/mvtec_ad/screw/test/thread_side/004.png,thread_side,1,0.6571813821792603,32,32,1024,1024,1460
feature,screw,147,data/mvtec_ad/screw/test/thread_top/010.png,thread_top,1,0.6495123505592346,32,32,1024,1024,5418
feature,screw,53,data/mvtec_ad/screw/test/manipulated_front/012.png,manipulated_front,1,0.6488354802131653,32,32,1024,1024,1695
feature,screw,130,data/mvtec_ad/screw/test/thread_side/016.png,thread_side,1,0.6487571001052856,32,32,1024,1024,5564
feature,screw,136,data/mvtec_ad/screw/test/thread_side/022.png,thread_side,1,0.64798504114151,32,32,1024,1024,3904
feature,screw,143,data/mvtec_ad/screw/test/thread_top/006.png,thread_top,1,0.6477232575416565,32,32,1024,1024,7649
feature,screw,14,data/mvtec_ad/screw/test/good/014.png,good,0,0.6468230485916138,32,32,1024,1024,0
feature,screw,133,data/mvtec_ad/screw/test/thread_side/019.png,thread_side,1,0.6463177800178528,32,32,1024,1024,1207
feature,screw,79,data/mvtec_ad/screw/test/scratch_head/014.png,scratch_head,1,0.6462042331695557,32,32,1024,1024,2388
feature,screw,150,data/mvtec_ad/screw/test/thread_top/013.png,thread_top,1,0.644774854183197,32,32,1024,1024,3005
feature,screw,58,data/mvtec_ad/screw/test/manipulated_front/017.png,manipulated_front,1,0.6429722905158997,32,32,1024,1024,1443
feature,screw,91,data/mvtec_ad/screw/test/scratch_neck/002.png,scratch_neck,1,0.6417189836502075,32,32,1024,1024,2926
feature,screw,24,data/mvtec_ad/screw/test/good/024.png,good,0,0.6410958766937256,32,32,1024,1024,0
feature,screw,132,data/mvtec_ad/screw/test/thread_side/018.png,thread_side,1,0.6409755945205688,32,32,1024,1024,2424
feature,screw,15,data/mvtec_ad/screw/test/good/015.png,good,0,0.6377130150794983,32,32,1024,1024,0
feature,screw,159,data/mvtec_ad/screw/test/thread_top/022.png,thread_top,1,0.637070894241333,32,32,1024,1024,4004
feature,screw,152,data/mvtec_ad/screw/test/thread_top/015.png,thread_top,1,0.6340819597244263,32,32,1024,1024,3769
feature,screw,88,data/mvtec_ad/screw/test/scratch_head/023.png,scratch_head,1,0.6338646411895752,32,32,1024,1024,2444
feature,screw,38,data/mvtec_ad/screw/test/good/038.png,good,0,0.6335431933403015,32,32,1024,1024,0
feature,screw,74,data/mvtec_ad/screw/test/scratch_head/009.png,scratch_head,1,0.6330484747886658,32,32,1024,1024,3278
feature,screw,86,data/mvtec_ad/screw/test/scratch_head/021.png,scratch_head,1,0.6316292881965637,32,32,1024,1024,2066
feature,screw,3,data/mvtec_ad/screw/test/good/003.png,good,0,0.6296263933181763,32,32,1024,1024,0
feature,screw,41,data/mvtec_ad/screw/test/manipulated_front/000.png,manipulated_front,1,0.6287761330604553,32,32,1024,1024,3806
feature,screw,134,data/mvtec_ad/screw/test/thread_side/020.png,thread_side,1,0.6282083988189697,32,32,1024,1024,1601
feature,screw,137,data/mvtec_ad/screw/test/thread_top/000.png,thread_top,1,0.6281076669692993,32,32,1024,1024,6803
feature,screw,64,data/mvtec_ad/screw/test/manipulated_front/023.png,manipulated_front,1,0.6274265050888062,32,32,1024,1024,2523
feature,screw,7,data/mvtec_ad/screw/test/good/007.png,good,0,0.6255371570587158,32,32,1024,1024,0
feature,screw,114,data/mvtec_ad/screw/test/thread_side/000.png,thread_side,1,0.6240071058273315,32,32,1024,1024,1580
feature,screw,30,data/mvtec_ad/screw/test/good/030.png,good,0,0.6231956481933594,32,32,1024,1024,0
feature,screw,12,data/mvtec_ad/screw/test/good/012.png,good,0,0.6226426362991333,32,32,1024,1024,0
feature,screw,141,data/mvtec_ad/screw/test/thread_top/004.png,thread_top,1,0.6223426461219788,32,32,1024,1024,6696
feature,screw,87,data/mvtec_ad/screw/test/scratch_head/022.png,scratch_head,1,0.6213184595108032,32,32,1024,1024,1402
feature,screw,85,data/mvtec_ad/screw/test/scratch_head/020.png,scratch_head,1,0.621251106262207,32,32,1024,1024,2465
feature,screw,116,data/mvtec_ad/screw/test/thread_side/002.png,thread_side,1,0.6205334067344666,32,32,1024,1024,2302
feature,screw,73,data/mvtec_ad/screw/test/scratch_head/008.png,scratch_head,1,0.6197558641433716,32,32,1024,1024,3009
feature,screw,47,data/mvtec_ad/screw/test/manipulated_front/006.png,manipulated_front,1,0.6169043779373169,32,32,1024,1024,3633
feature,screw,106,data/mvtec_ad/screw/test/scratch_neck/017.png,scratch_neck,1,0.6166934370994568,32,32,1024,1024,3813
feature,screw,125,data/mvtec_ad/screw/test/thread_side/011.png,thread_side,1,0.6146203875541687,32,32,1024,1024,1761
feature,screw,60,data/mvtec_ad/screw/test/manipulated_front/019.png,manipulated_front,1,0.6145923733711243,32,32,1024,1024,1771
feature,screw,65,data/mvtec_ad/screw/test/scratch_head/000.png,scratch_head,1,0.6120078563690186,32,32,1024,1024,2767
feature,screw,46,data/mvtec_ad/screw/test/manipulated_front/005.png,manipulated_front,1,0.6111292243003845,32,32,1024,1024,3304
feature,screw,129,data/mvtec_ad/screw/test/thread_side/015.png,thread_side,1,0.610484778881073,32,32,1024,1024,2977
feature,screw,39,data/mvtec_ad/screw/test/good/039.png,good,0,0.6095338463783264,32,32,1024,1024,0
feature,screw,127,data/mvtec_ad/screw/test/thread_side/013.png,thread_side,1,0.6093392968177795,32,32,1024,1024,1685
feature,screw,31,data/mvtec_ad/screw/test/good/031.png,good,0,0.6075683832168579,32,32,1024,1024,0
feature,screw,6,data/mvtec_ad/screw/test/good/006.png,good,0,0.6062175631523132,32,32,1024,1024,0
feature,screw,1,data/mvtec_ad/screw/test/good/001.png,good,0,0.6055240035057068,32,32,1024,1024,0
feature,screw,146,data/mvtec_ad/screw/test/thread_top/009.png,thread_top,1,0.6052265167236328,32,32,1024,1024,4056
feature,screw,32,data/mvtec_ad/screw/test/good/032.png,good,0,0.6051982045173645,32,32,1024,1024,0
feature,screw,11,data/mvtec_ad/screw/test/good/011.png,good,0,0.603880763053894,32,32,1024,1024,0
feature,screw,36,data/mvtec_ad/screw/test/good/036.png,good,0,0.6027832627296448,32,32,1024,1024,0
feature,screw,18,data/mvtec_ad/screw/test/good/018.png,good,0,0.6027166247367859,32,32,1024,1024,0
feature,screw,126,data/mvtec_ad/screw/test/thread_side/012.png,thread_side,1,0.6020330786705017,32,32,1024,1024,4231
feature,screw,16,data/mvtec_ad/screw/test/good/016.png,good,0,0.601616382598877,32,32,1024,1024,0
feature,screw,27,data/mvtec_ad/screw/test/good/027.png,good,0,0.6014736294746399,32,32,1024,1024,0
feature,screw,140,data/mvtec_ad/screw/test/thread_top/003.png,thread_top,1,0.6003008484840393,32,32,1024,1024,4646
feature,screw,8,data/mvtec_ad/screw/test/good/008.png,good,0,0.6001362800598145,32,32,1024,1024,0
feature,screw,128,data/mvtec_ad/screw/test/thread_side/014.png,thread_side,1,0.5970734357833862,32,32,1024,1024,2720
feature,screw,135,data/mvtec_ad/screw/test/thread_side/021.png,thread_side,1,0.5963909029960632,32,32,1024,1024,3364
feature,screw,10,data/mvtec_ad/screw/test/good/010.png,good,0,0.5958768725395203,32,32,1024,1024,0
feature,screw,21,data/mvtec_ad/screw/test/good/021.png,good,0,0.5957109332084656,32,32,1024,1024,0
feature,screw,37,data/mvtec_ad/screw/test/good/037.png,good,0,0.5950667262077332,32,32,1024,1024,0
feature,screw,19,data/mvtec_ad/screw/test/good/019.png,good,0,0.5946019291877747,32,32,1024,1024,0
feature,screw,29,data/mvtec_ad/screw/test/good/029.png,good,0,0.5935874581336975,32,32,1024,1024,0
feature,screw,42,data/mvtec_ad/screw/test/manipulated_front/001.png,manipulated_front,1,0.593302309513092,32,32,1024,1024,2866
feature,screw,25,data/mvtec_ad/screw/test/good/025.png,good,0,0.5898518562316895,32,32,1024,1024,0
feature,screw,22,data/mvtec_ad/screw/test/good/022.png,good,0,0.5898346900939941,32,32,1024,1024,0
feature,screw,158,data/mvtec_ad/screw/test/thread_top/021.png,thread_top,1,0.5897915363311768,32,32,1024,1024,5326
feature,screw,43,data/mvtec_ad/screw/test/manipulated_front/002.png,manipulated_front,1,0.5897857546806335,32,32,1024,1024,2520
feature,screw,61,data/mvtec_ad/screw/test/manipulated_front/020.png,manipulated_front,1,0.5882958173751831,32,32,1024,1024,1359
feature,screw,13,data/mvtec_ad/screw/test/good/013.png,good,0,0.5882208943367004,32,32,1024,1024,0
feature,screw,9,data/mvtec_ad/screw/test/good/009.png,good,0,0.5845730304718018,32,32,1024,1024,0
feature,screw,120,data/mvtec_ad/screw/test/thread_side/006.png,thread_side,1,0.5834606289863586,32,32,1024,1024,4696
feature,screw,40,data/mvtec_ad/screw/test/good/040.png,good,0,0.5828971862792969,32,32,1024,1024,0
feature,screw,35,data/mvtec_ad/screw/test/good/035.png,good,0,0.5823730230331421,32,32,1024,1024,0
feature,screw,23,data/mvtec_ad/screw/test/good/023.png,good,0,0.5814999341964722,32,32,1024,1024,0
feature,screw,20,data/mvtec_ad/screw/test/good/020.png,good,0,0.5785783529281616,32,32,1024,1024,0
feature,screw,28,data/mvtec_ad/screw/test/good/028.png,good,0,0.5780667662620544,32,32,1024,1024,0
feature,screw,17,data/mvtec_ad/screw/test/good/017.png,good,0,0.5763880610466003,32,32,1024,1024,0
feature,screw,26,data/mvtec_ad/screw/test/good/026.png,good,0,0.5743753910064697,32,32,1024,1024,0
feature,screw,2,data/mvtec_ad/screw/test/good/002.png,good,0,0.5735551714897156,32,32,1024,1024,0
feature,screw,33,data/mvtec_ad/screw/test/good/033.png,good,0,0.5676394104957581,32,32,1024,1024,0
feature,screw,0,data/mvtec_ad/screw/test/good/000.png,good,0,0.5549055933952332,32,32,1024,1024,0
feature,screw,34,data/mvtec_ad/screw/test/good/034.png,good,0,0.5434609055519104,32,32,1024,1024,0
feature,transistor,97,data/mvtec_ad/transistor/test/misplaced/007.png,misplaced,1,0.9866515398025512,32,32,1024,1024,512572
feature,transistor,98,data/mvtec_ad/transistor/test/misplaced/008.png,misplaced,1,0.9609450101852416,32,32,1024,1024,517163
feature,transistor,95,data/mvtec_ad/transistor/test/misplaced/005.png,misplaced,1,0.9071865677833556,32,32,1024,1024,450193
feature,transistor,29,data/mvtec_ad/transistor/test/damaged_case/009.png,damaged_case,1,0.906769037246704,32,32,1024,1024,53178
feature,transistor,21,data/mvtec_ad/transistor/test/damaged_case/001.png,damaged_case,1,0.9013935923576356,32,32,1024,1024,56114
feature,transistor,28,data/mvtec_ad/transistor/test/damaged_case/008.png,damaged_case,1,0.895433247089386,32,32,1024,1024,52956
feature,transistor,91,data/mvtec_ad/transistor/test/misplaced/001.png,misplaced,1,0.894969642162323,32,32,1024,1024,428411
feature,transistor,25,data/mvtec_ad/transistor/test/damaged_case/005.png,damaged_case,1,0.8791729211807251,32,32,1024,1024,36644
feature,transistor,20,data/mvtec_ad/transistor/test/damaged_case/000.png,damaged_case,1,0.8769747614860535,32,32,1024,1024,15585
feature,transistor,94,data/mvtec_ad/transistor/test/misplaced/004.png,misplaced,1,0.8743893504142761,32,32,1024,1024,423908
feature,transistor,23,data/mvtec_ad/transistor/test/damaged_case/003.png,damaged_case,1,0.869172990322113,32,32,1024,1024,15628
feature,transistor,99,data/mvtec_ad/transistor/test/misplaced/009.png,misplaced,1,0.8687013983726501,32,32,1024,1024,414647
feature,transistor,5,data/mvtec_ad/transistor/test/bent_lead/005.png,bent_lead,1,0.8633077144622803,32,32,1024,1024,16698
feature,transistor,7,data/mvtec_ad/transistor/test/bent_lead/007.png,bent_lead,1,0.862441897392273,32,32,1024,1024,33409
feature,transistor,24,data/mvtec_ad/transistor/test/damaged_case/004.png,damaged_case,1,0.8583725094795227,32,32,1024,1024,26658
feature,transistor,22,data/mvtec_ad/transistor/test/damaged_case/002.png,damaged_case,1,0.847535252571106,32,32,1024,1024,6642
feature,transistor,8,data/mvtec_ad/transistor/test/bent_lead/008.png,bent_lead,1,0.8397744297981262,32,32,1024,1024,38241
feature,transistor,16,data/mvtec_ad/transistor/test/cut_lead/006.png,cut_lead,1,0.8371912837028503,32,32,1024,1024,16077
feature,transistor,13,data/mvtec_ad/transistor/test/cut_lead/003.png,cut_lead,1,0.8365631103515625,32,32,1024,1024,14952
feature,transistor,6,data/mvtec_ad/transistor/test/bent_lead/006.png,bent_lead,1,0.8355395197868347,32,32,1024,1024,37531
feature,transistor,26,data/mvtec_ad/transistor/test/damaged_case/006.png,damaged_case,1,0.820681631565094,32,32,1024,1024,21721
feature,transistor,3,data/mvtec_ad/transistor/test/bent_lead/003.png,bent_lead,1,0.8140780925750732,32,32,1024,1024,9657
feature,transistor,90,data/mvtec_ad/transistor/test/misplaced/000.png,misplaced,1,0.8133221864700317,32,32,1024,1024,423034
feature,transistor,18,data/mvtec_ad/transistor/test/cut_lead/008.png,cut_lead,1,0.8108744621276855,32,32,1024,1024,20817
feature,transistor,27,data/mvtec_ad/transistor/test/damaged_case/007.png,damaged_case,1,0.8096972703933716,32,32,1024,1024,13540
feature,transistor,9,data/mvtec_ad/transistor/test/bent_lead/009.png,bent_lead,1,0.8049879670143127,32,32,1024,1024,9434
feature,transistor,14,data/mvtec_ad/transistor/test/cut_lead/004.png,cut_lead,1,0.8004030585289001,32,32,1024,1024,37545
feature,transistor,4,data/mvtec_ad/transistor/test/bent_lead/004.png,bent_lead,1,0.7988187670707703,32,32,1024,1024,4031
feature,transistor,44,data/mvtec_ad/transistor/test/good/014.png,good,0,0.7982088327407837,32,32,1024,1024,0
feature,transistor,2,data/mvtec_ad/transistor/test/bent_lead/002.png,bent_lead,1,0.7956820726394653,32,32,1024,1024,11899
feature,transistor,12,data/mvtec_ad/transistor/test/cut_lead/002.png,cut_lead,1,0.7939040660858154,32,32,1024,1024,10883
feature,transistor,85,data/mvtec_ad/transistor/test/good/055.png,good,0,0.7928953766822815,32,32,1024,1024,0
feature,transistor,96,data/mvtec_ad/transistor/test/misplaced/006.png,misplaced,1,0.7921541333198547,32,32,1024,1024,424486
feature,transistor,15,data/mvtec_ad/transistor/test/cut_lead/005.png,cut_lead,1,0.788865327835083,32,32,1024,1024,11874
feature,transistor,0,data/mvtec_ad/transistor/test/bent_lead/000.png,bent_lead,1,0.7865378856658936,32,32,1024,1024,4485
feature,transistor,19,data/mvtec_ad/transistor/test/cut_lead/009.png,cut_lead,1,0.7739991545677185,32,32,1024,1024,18426
feature,transistor,10,data/mvtec_ad/transistor/test/cut_lead/000.png,cut_lead,1,0.7731398940086365,32,32,1024,1024,11797
feature,transistor,67,data/mvtec_ad/transistor/test/good/037.png,good,0,0.7679042816162109,32,32,1024,1024,0
feature,transistor,11,data/mvtec_ad/transistor/test/cut_lead/001.png,cut_lead,1,0.7670772075653076,32,32,1024,1024,18793
feature,transistor,17,data/mvtec_ad/transistor/test/cut_lead/007.png,cut_lead,1,0.7627695798873901,32,32,1024,1024,10691
feature,transistor,56,data/mvtec_ad/transistor/test/good/026.png,good,0,0.7625449299812317,32,32,1024,1024,0
feature,transistor,61,data/mvtec_ad/transistor/test/good/031.png,good,0,0.7607534527778625,32,32,1024,1024,0
feature,transistor,75,data/mvtec_ad/transistor/test/good/045.png,good,0,0.7559045553207397,32,32,1024,1024,0
feature,transistor,93,data/mvtec_ad/transistor/test/misplaced/003.png,misplaced,1,0.7536706328392029,32,32,1024,1024,395671
feature,transistor,34,data/mvtec_ad/transistor/test/good/004.png,good,0,0.7392868399620056,32,32,1024,1024,0
feature,transistor,40,data/mvtec_ad/transistor/test/good/010.png,good,0,0.739034116268158,32,32,1024,1024,0
feature,transistor,72,data/mvtec_ad/transistor/test/good/042.png,good,0,0.7361828684806824,32,32,1024,1024,0
feature,transistor,74,data/mvtec_ad/transistor/test/good/044.png,good,0,0.7338209748268127,32,32,1024,1024,0
feature,transistor,1,data/mvtec_ad/transistor/test/bent_lead/001.png,bent_lead,1,0.7276374697685242,32,32,1024,1024,2346
feature,transistor,49,data/mvtec_ad/transistor/test/good/019.png,good,0,0.7200679183006287,32,32,1024,1024,0
feature,transistor,62,data/mvtec_ad/transistor/test/good/032.png,good,0,0.7197441458702087,32,32,1024,1024,0
feature,transistor,71,data/mvtec_ad/transistor/test/good/041.png,good,0,0.7152156233787537,32,32,1024,1024,0
feature,transistor,88,data/mvtec_ad/transistor/test/good/058.png,good,0,0.7132121324539185,32,32,1024,1024,0
feature,transistor,58,data/mvtec_ad/transistor/test/good/028.png,good,0,0.7040420770645142,32,32,1024,1024,0
feature,transistor,82,data/mvtec_ad/transistor/test/good/052.png,good,0,0.7010323405265808,32,32,1024,1024,0
feature,transistor,76,data/mvtec_ad/transistor/test/good/046.png,good,0,0.6976136565208435,32,32,1024,1024,0
feature,transistor,37,data/mvtec_ad/transistor/test/good/007.png,good,0,0.6959313154220581,32,32,1024,1024,0
feature,transistor,84,data/mvtec_ad/transistor/test/good/054.png,good,0,0.6958075761795044,32,32,1024,1024,0
feature,transistor,35,data/mvtec_ad/transistor/test/good/005.png,good,0,0.6938715577125549,32,32,1024,1024,0
feature,transistor,36,data/mvtec_ad/transistor/test/good/006.png,good,0,0.6937322020530701,32,32,1024,1024,0
feature,transistor,59,data/mvtec_ad/transistor/test/good/029.png,good,0,0.6931558847427368,32,32,1024,1024,0
feature,transistor,70,data/mvtec_ad/transistor/test/good/040.png,good,0,0.6914826035499573,32,32,1024,1024,0
feature,transistor,92,data/mvtec_ad/transistor/test/misplaced/002.png,misplaced,1,0.6912201046943665,32,32,1024,1024,397696
feature,transistor,45,data/mvtec_ad/transistor/test/good/015.png,good,0,0.690934956073761,32,32,1024,1024,0
feature,transistor,65,data/mvtec_ad/transistor/test/good/035.png,good,0,0.6849251389503479,32,32,1024,1024,0
feature,transistor,47,data/mvtec_ad/transistor/test/good/017.png,good,0,0.6842424869537354,32,32,1024,1024,0
feature,transistor,81,data/mvtec_ad/transistor/test/good/051.png,good,0,0.6811363101005554,32,32,1024,1024,0
feature,transistor,86,data/mvtec_ad/transistor/test/good/056.png,good,0,0.6787068247795105,32,32,1024,1024,0
feature,transistor,55,data/mvtec_ad/transistor/test/good/025.png,good,0,0.6771356463432312,32,32,1024,1024,0
feature,transistor,68,data/mvtec_ad/transistor/test/good/038.png,good,0,0.6746732592582703,32,32,1024,1024,0
feature,transistor,89,data/mvtec_ad/transistor/test/good/059.png,good,0,0.6691601872444153,32,32,1024,1024,0
feature,transistor,42,data/mvtec_ad/transistor/test/good/012.png,good,0,0.666427731513977,32,32,1024,1024,0
feature,transistor,39,data/mvtec_ad/transistor/test/good/009.png,good,0,0.6648897528648376,32,32,1024,1024,0
feature,transistor,69,data/mvtec_ad/transistor/test/good/039.png,good,0,0.6648409962654114,32,32,1024,1024,0
feature,transistor,46,data/mvtec_ad/transistor/test/good/016.png,good,0,0.6642413139343262,32,32,1024,1024,0
feature,transistor,83,data/mvtec_ad/transistor/test/good/053.png,good,0,0.6632175445556641,32,32,1024,1024,0
feature,transistor,66,data/mvtec_ad/transistor/test/good/036.png,good,0,0.6618226766586304,32,32,1024,1024,0
feature,transistor,38,data/mvtec_ad/transistor/test/good/008.png,good,0,0.6604118347167969,32,32,1024,1024,0
feature,transistor,51,data/mvtec_ad/transistor/test/good/021.png,good,0,0.6590821146965027,32,32,1024,1024,0
feature,transistor,31,data/mvtec_ad/transistor/test/good/001.png,good,0,0.6548482775688171,32,32,1024,1024,0
feature,transistor,73,data/mvtec_ad/transistor/test/good/043.png,good,0,0.654589056968689,32,32,1024,1024,0
feature,transistor,63,data/mvtec_ad/transistor/test/good/033.png,good,0,0.6543972492218018,32,32,1024,1024,0
feature,transistor,33,data/mvtec_ad/transistor/test/good/003.png,good,0,0.6513288617134094,32,32,1024,1024,0
feature,transistor,78,data/mvtec_ad/transistor/test/good/048.png,good,0,0.649597704410553,32,32,1024,1024,0
feature,transistor,32,data/mvtec_ad/transistor/test/good/002.png,good,0,0.649192750453949,32,32,1024,1024,0
feature,transistor,87,data/mvtec_ad/transistor/test/good/057.png,good,0,0.648404061794281,32,32,1024,1024,0
feature,transistor,80,data/mvtec_ad/transistor/test/good/050.png,good,0,0.644811749458313,32,32,1024,1024,0
feature,transistor,57,data/mvtec_ad/transistor/test/good/027.png,good,0,0.6441057324409485,32,32,1024,1024,0
feature,transistor,50,data/mvtec_ad/transistor/test/good/020.png,good,0,0.6422002911567688,32,32,1024,1024,0
feature,transistor,79,data/mvtec_ad/transistor/test/good/049.png,good,0,0.6360868215560913,32,32,1024,1024,0
feature,transistor,41,data/mvtec_ad/transistor/test/good/011.png,good,0,0.6351876854896545,32,32,1024,1024,0
feature,transistor,54,data/mvtec_ad/transistor/test/good/024.png,good,0,0.635113537311554,32,32,1024,1024,0
feature,transistor,48,data/mvtec_ad/transistor/test/good/018.png,good,0,0.6301460862159729,32,32,1024,1024,0
feature,transistor,43,data/mvtec_ad/transistor/test/good/013.png,good,0,0.6259709596633911,32,32,1024,1024,0
feature,transistor,64,data/mvtec_ad/transistor/test/good/034.png,good,0,0.6209045648574829,32,32,1024,1024,0
feature,transistor,53,data/mvtec_ad/transistor/test/good/023.png,good,0,0.6133333444595337,32,32,1024,1024,0
feature,transistor,60,data/mvtec_ad/transistor/test/good/030.png,good,0,0.6130743026733398,32,32,1024,1024,0
feature,transistor,52,data/mvtec_ad/transistor/test/good/022.png,good,0,0.6027086973190308,32,32,1024,1024,0
feature,transistor,77,data/mvtec_ad/transistor/test/good/047.png,good,0,0.5930501818656921,32,32,1024,1024,0
feature,transistor,30,data/mvtec_ad/transistor/test/good/000.png,good,0,0.5861829519271851,32,32,1024,1024,0
